LocalID,ID,Type,Pax,From,DepFATO_No,DepGate_No,STD,To,ArrFATO_No,ArrGate_No,STA,DepGateIn,DepGateOut,DepFATOIn,DepFATOOut,ArrFATOIn,ArrFATOOut,ArrGateIn,ArrGateOut,Seg1,Seg2,Seg3,Seg4,Seg5,Seg6,Seg7,Seg8,Seg9,Seg10,Seg11,Seg12,Seg13,Seg14,Seg15,Seg16,Seg17,Seg18,Seg19,Seg20,Seg21,Seg22,Seg23,Seg24,Seg25,Seg26,Seg27,Seg28,Seg29,Seg30,Seg31,Seg32,Seg33,Seg34,Seg35,Seg36,Seg37,Seg38,Seg39,Seg40,Seg41,Seg42,Seg43,Seg44,Seg45,Seg46,Seg47,Seg48,Seg49,Seg50,Seg51,Seg52,Seg53,Seg54,Seg55,Seg56,Seg57,Seg58,Seg59,Seg60,Seg61,Seg62,Seg63,Seg64,Seg65,Seg66,Seg67,Seg68,Seg69,Seg70,Seg71,Seg72,Seg73,Seg74,Seg75,Seg76,Seg77,Seg78,Seg79,Seg80,Seg81,Seg82,Seg83,Seg84,Seg85,Seg86,Seg87,Seg88,Seg89,Seg90,Seg91,Seg92,Seg93,Seg94,Seg95,Seg96,Seg97,Seg98,Seg99,Seg100,Seg101,Seg102,Seg103,Seg104,Seg105
4-1,UAM0019,6인승,6,용산,1,1,06:33:33,마곡,2,3,06:49:57,06:32:33,06:33:33,06:38:33,06:39:33,06:49:57,06:50:57,06:55:57,07:01:57,A : 126.958453 37.528320; A : 126.958531 37.528069,B : 126.958531 37.528069; B : 126.958531 37.528069,C : 126.958531 37.528069; C : 126.973274 37.524782,E : 126.973274 37.524782; E : 126.972745 37.523765,E : 126.972745 37.523765; E : 126.972107 37.522789,E : 126.972107 37.522789; E : 126.971365 37.521861,E : 126.971365 37.521861; E : 126.970524 37.520988,E : 126.970524 37.520988; E : 126.969590 37.520176,E : 126.969590 37.520176; E : 126.968572 37.519433,E : 126.968572 37.519433; E : 126.967476 37.518763,E : 126.967476 37.518763; E : 126.966311 37.518172,E : 126.966311 37.518172; E : 126.965085 37.517664,E : 126.965085 37.517664; E : 126.963809 37.517242,E : 126.963809 37.517242; E : 126.962491 37.516912,E : 126.962491 37.516912; E : 126.961143 37.516673,E : 126.961143 37.516673; E : 126.959773 37.516530,E : 126.959773 37.516530; E : 126.958393 37.516482,E : 126.958393 37.516482; E : 126.957013 37.516530,E : 126.957013 37.516530; E : 126.955643 37.516673,E : 126.955643 37.516673; E : 126.954294 37.516912,E : 126.954294 37.516912; E : 126.952977 37.517242,E : 126.952977 37.517242; E : 126.951700 37.517664,E : 126.951700 37.517664; E : 126.950475 37.518172,E : 126.950475 37.518172; E : 126.949310 37.518763,E : 126.949310 37.518763; E : 126.948214 37.519433,E : 126.948214 37.519433; E : 126.947195 37.520176,E : 126.947195 37.520176; E : 126.946262 37.520988,E : 126.946262 37.520988; E : 126.945421 37.521861,E : 126.945421 37.521861; E : 126.944678 37.522789,E : 126.944678 37.522789; E : 126.944040 37.523765,E : 126.944040 37.523765; E : 126.943512 37.524782,E : 126.943512 37.524782; E : 126.943096 37.525831,E : 126.943096 37.525831; E : 126.942797 37.526906,E : 126.942797 37.526906; E : 126.942617 37.527997,E : 126.942617 37.527997; E : 126.942557 37.529096,E : 126.942557 37.529096; E : 126.942617 37.530195,E : 126.942617 37.530195; E : 126.942797 37.531286,E : 126.942797 37.531286; E : 126.943096 37.532361,F : 126.943096 37.532361 R-2000; F : 126.943229 37.532731 R-2000,F : 126.943229 37.532731 R-2000; F : 126.925389 37.537006 R-2000,F : 126.925389 37.537006 R-2000; F : 126.902987 37.542413 R-2000,F : 126.902987 37.542413 R-2000; F : 126.892011 37.552684 R-2000,F : 126.892011 37.552684 R-2000; F : 126.861683 37.569533 R-2000,F : 126.861683 37.569533 L-2000; F : 126.831913 37.566290 L-2000,G : 126.831913 37.566290; G : 126.822307 37.565664,G : 126.822307 37.565664; G : 126.821974 37.567770,G : 126.821974 37.567770; G : 126.821412 37.569845,G : 126.821412 37.569845; G : 126.820625 37.571872,G : 126.820625 37.571872; G : 126.819619 37.573838,G : 126.819619 37.573838; G : 126.818401 37.575726,G : 126.818401 37.575726; G : 126.816981 37.577522,G : 126.816981 37.577522; G : 126.815370 37.579213,G : 126.815370 37.579213; G : 126.813579 37.580786,G : 126.813579 37.580786; G : 126.811624 37.582228,G : 126.811624 37.582228; G : 126.809517 37.583530,G : 126.809517 37.583530; G : 126.807276 37.584680,G : 126.807276 37.584680; G : 126.804918 37.585671,G : 126.804918 37.585671; G : 126.802460 37.586494,G : 126.802460 37.586494; G : 126.799921 37.587144,G : 126.799921 37.587144; G : 126.797321 37.587615,G : 126.797321 37.587615; G : 126.794679 37.587904,G : 126.794679 37.587904; G : 126.792016 37.588009,G : 126.792016 37.588009; G : 126.789351 37.587928,G : 126.789351 37.587928; G : 126.786705 37.587663,G : 126.786705 37.587663; G : 126.784098 37.587215,G : 126.784098 37.587215; G : 126.781550 37.586589,G : 126.781550 37.586589; G : 126.779080 37.585788,H : 126.779080 37.585788; H : 126.778923 37.585730,I : 126.778923 37.585730; I : 126.792978 37.562979,J : 126.792978 37.562979; J : 126.792978 37.562979,K : 126.792978 37.562979; K : 126.792145 37.563114,,,,,,,,,,,,,,,,,,,,,,,,,,,,,,,,,,
4-2,UAM0023,6인승,6,용산,1,2,06:33:57,목동,2,3,06:47:46,06:32:57,06:33:57,06:39:33,06:40:33,06:47:46,06:48:46,06:53:46,06:59:46,A : 126.958407 37.528468; A : 126.958531 37.528069,B : 126.958531 37.528069; B : 126.958531 37.528069,C : 126.958531 37.528069; C : 126.973274 37.524782,E : 126.973274 37.524782; E : 126.972745 37.523765,E : 126.972745 37.523765; E : 126.972107 37.522789,E : 126.972107 37.522789; E : 126.971365 37.521861,E : 126.971365 37.521861; E : 126.970524 37.520988,E : 126.970524 37.520988; E : 126.969590 37.520176,E : 126.969590 37.520176; E : 126.968572 37.519433,E : 126.968572 37.519433; E : 126.967476 37.518763,E : 126.967476 37.518763; E : 126.966311 37.518172,E : 126.966311 37.518172; E : 126.965085 37.517664,E : 126.965085 37.517664; E : 126.963809 37.517242,E : 126.963809 37.517242; E : 126.962491 37.516912,E : 126.962491 37.516912; E : 126.961143 37.516673,E : 126.961143 37.516673; E : 126.959773 37.516530,E : 126.959773 37.516530; E : 126.958393 37.516482,E : 126.958393 37.516482; E : 126.957013 37.516530,E : 126.957013 37.516530; E : 126.955643 37.516673,E : 126.955643 37.516673; E : 126.954294 37.516912,E : 126.954294 37.516912; E : 126.952977 37.517242,E : 126.952977 37.517242; E : 126.951700 37.517664,E : 126.951700 37.517664; E : 126.950475 37.518172,E : 126.950475 37.518172; E : 126.949310 37.518763,E : 126.949310 37.518763; E : 126.948214 37.519433,E : 126.948214 37.519433; E : 126.947195 37.520176,E : 126.947195 37.520176; E : 126.946262 37.520988,E : 126.946262 37.520988; E : 126.945421 37.521861,E : 126.945421 37.521861; E : 126.944678 37.522789,E : 126.944678 37.522789; E : 126.944040 37.523765,E : 126.944040 37.523765; E : 126.943512 37.524782,E : 126.943512 37.524782; E : 126.943096 37.525831,E : 126.943096 37.525831; E : 126.942797 37.526906,E : 126.942797 37.526906; E : 126.942617 37.527997,E : 126.942617 37.527997; E : 126.942557 37.529096,E : 126.942557 37.529096; E : 126.942617 37.530195,E : 126.942617 37.530195; E : 126.942797 37.531286,E : 126.942797 37.531286; E : 126.943096 37.532361,F : 126.943096 37.532361 R-2000; F : 126.943229 37.532731 R-2000,F : 126.943229 37.532731 R-2000; F : 126.925389 37.537006 R-2000,F : 126.925389 37.537006 R-2000; F : 126.902987 37.542413 R-2000,F : 126.902987 37.542413 R-2000; F : 126.892011 37.552684 R-2000,G : 126.892011 37.552684; G : 126.881112 37.534516,G : 126.881112 37.534516; G : 126.881984 37.534147,G : 126.881984 37.534147; G : 126.882811 37.533718,G : 126.882811 37.533718; G : 126.883589 37.533234,G : 126.883589 37.533234; G : 126.884310 37.532697,G : 126.884310 37.532697; G : 126.884970 37.532113,G : 126.884970 37.532113; G : 126.885564 37.531485,G : 126.885564 37.531485; G : 126.886086 37.530818,G : 126.886086 37.530818; G : 126.886534 37.530118,G : 126.886534 37.530118; G : 126.886903 37.529389,G : 126.886903 37.529389; G : 126.887191 37.528637,G : 126.887191 37.528637; G : 126.887396 37.527868,G : 126.887396 37.527868; G : 126.887516 37.527088,G : 126.887516 37.527088; G : 126.887550 37.526302,G : 126.887550 37.526302; G : 126.887497 37.525517,G : 126.887497 37.525517; G : 126.887360 37.524739,G : 126.887360 37.524739; G : 126.887137 37.523973,G : 126.887137 37.523973; G : 126.886832 37.523226,G : 126.886832 37.523226; G : 126.886445 37.522502,G : 126.886445 37.522502; G : 126.885982 37.521808,G : 126.885982 37.521808; G : 126.885444 37.521149,G : 126.885444 37.521149; G : 126.884836 37.520530,G : 126.884836 37.520530; G : 126.884162 37.519956,G : 126.884162 37.519956; G : 126.883429 37.519430,G : 126.883429 37.519430; G : 126.882640 37.518957,G : 126.882640 37.518957; G : 126.881803 37.518541,G : 126.881803 37.518541; G : 126.880924 37.518185,G : 126.880924 37.518185; G : 126.880009 37.517891,G : 126.880009 37.517891; G : 126.879065 37.517661,G : 126.879065 37.517661; G : 126.878099 37.517498,G : 126.878099 37.517498; G : 126.877120 37.517403,G : 126.877120 37.517403; G : 126.876134 37.517376,G : 126.876134 37.517376; G : 126.875148 37.517417,G : 126.875148 37.517417; G : 126.874171 37.517527,G : 126.874171 37.517527; G : 126.873210 37.517704,G : 126.873210 37.517704; G : 126.872272 37.517948,G : 126.872272 37.517948; G : 126.871363 37.518255,G : 126.871363 37.518255; G : 126.870492 37.518624,G : 126.870492 37.518624; G : 126.869665 37.519053,G : 126.869665 37.519053; G : 126.868888 37.519537,G : 126.868888 37.519537; G : 126.868166 37.520074,G : 126.868166 37.520074; G : 126.867506 37.520658,G : 126.867506 37.520658; G : 126.866913 37.521286,G : 126.866913 37.521286; G : 126.866390 37.521953,G : 126.866390 37.521953; G : 126.865943 37.522653,G : 126.865943 37.522653; G : 126.865574 37.523382,G : 126.865574 37.523382; G : 126.865286 37.524134,G : 126.865286 37.524134; G : 126.865081 37.524903,G : 126.865081 37.524903; G : 126.864961 37.525683,G : 126.864961 37.525683; G : 126.864927 37.526386,I : 126.864927 37.526386; I : 126.877654 37.526397,J : 126.877654 37.526397; J : 126.877654 37.526397,K : 126.877654 37.526397; K : 126.876874 37.526128,,,,,,,,,,
4-3,UAM0081,6인승,6,용산,1,1,06:43:06,미아,2,1,06:59:36,06:42:06,06:43:06,06:48:06,06:49:06,06:59:36,07:00:36,07:05:36,07:11:36,A : 126.958453 37.528320; A : 126.958531 37.528069,B : 126.958531 37.528069; B : 126.958531 37.528069,C : 126.958531 37.528069; C : 126.973274 37.524782,E : 126.973274 37.524782; E : 126.972745 37.523765,E : 126.972745 37.523765; E : 126.972107 37.522789,E : 126.972107 37.522789; E : 126.971365 37.521861,E : 126.971365 37.521861; E : 126.970524 37.520988,E : 126.970524 37.520988; E : 126.969590 37.520176,E : 126.969590 37.520176; E : 126.968572 37.519433,E : 126.968572 37.519433; E : 126.967476 37.518763,E : 126.967476 37.518763; E : 126.966311 37.518172,E : 126.966311 37.518172; E : 126.965085 37.517664,E : 126.965085 37.517664; E : 126.963809 37.517242,E : 126.963809 37.517242; E : 126.962491 37.516912,E : 126.962491 37.516912; E : 126.961143 37.516673,E : 126.961143 37.516673; E : 126.959773 37.516530,E : 126.959773 37.516530; E : 126.958393 37.516482,E : 126.958393 37.516482; E : 126.957013 37.516530,E : 126.957013 37.516530; E : 126.955643 37.516673,E : 126.955643 37.516673; E : 126.954294 37.516912,E : 126.954294 37.516912; E : 126.952977 37.517242,E : 126.952977 37.517242; E : 126.951700 37.517664,E : 126.951700 37.517664; E : 126.950475 37.518172,E : 126.950475 37.518172; E : 126.949310 37.518763,E : 126.949310 37.518763; E : 126.948214 37.519433,E : 126.948214 37.519433; E : 126.947195 37.520176,E : 126.947195 37.520176; E : 126.946262 37.520988,E : 126.946262 37.520988; E : 126.945421 37.521861,E : 126.945421 37.521861; E : 126.944678 37.522789,E : 126.944678 37.522789; E : 126.944040 37.523765,E : 126.944040 37.523765; E : 126.943512 37.524782,E : 126.943512 37.524782; E : 126.943096 37.525831,E : 126.943096 37.525831; E : 126.942797 37.526906,E : 126.942797 37.526906; E : 126.942617 37.527997,E : 126.942617 37.527997; E : 126.942557 37.529096,E : 126.942557 37.529096; E : 126.942617 37.530195,E : 126.942617 37.530195; E : 126.942797 37.531286,E : 126.942797 37.531286; E : 126.943096 37.532361,F : 126.943096 37.532361 R-2000; F : 126.943229 37.532731 R-2000,F : 126.943229 37.532731 R-2000; F : 126.925389 37.537006 R-2000,F : 126.925389 37.537006 R-2000; F : 126.902987 37.542413 R-2000,F : 126.902987 37.542413 R-2000; F : 126.892011 37.552684 R-2000,F : 126.892011 37.552684 R-2000; F : 126.923842 37.557204 R-2000,F : 126.923842 37.557204 R-2000; F : 126.976391 37.570046 R-2000,F : 126.976391 37.570046 R-2000; F : 127.023638 37.575840 R-2000,G : 127.023638 37.575840; G : 127.025485 37.617611,G : 127.025485 37.617611; G : 127.026869 37.617620,G : 127.026869 37.617620; G : 127.028246 37.617725,G : 127.028246 37.617725; G : 127.029606 37.617926,G : 127.029606 37.617926; G : 127.030939 37.618219,G : 127.030939 37.618219; G : 127.032235 37.618605,G : 127.032235 37.618605; G : 127.033484 37.619078,G : 127.033484 37.619078; G : 127.034676 37.619636,G : 127.034676 37.619636; G : 127.035802 37.620275,G : 127.035802 37.620275; G : 127.036855 37.620990,G : 127.036855 37.620990; G : 127.037824 37.621774,G : 127.037824 37.621774; G : 127.038705 37.622623,G : 127.038705 37.622623; G : 127.039489 37.623530,G : 127.039489 37.623530; G : 127.040170 37.624487,G : 127.040170 37.624487; G : 127.040744 37.625489,G : 127.040744 37.625489; G : 127.041206 37.626526,G : 127.041206 37.626526; G : 127.041553 37.627591,G : 127.041553 37.627591; G : 127.041782 37.628677,G : 127.041782 37.628677; G : 127.041891 37.629774,G : 127.041891 37.629774; G : 127.041879 37.630874,G : 127.041879 37.630874; G : 127.041747 37.631969,G : 127.041747 37.631969; G : 127.041495 37.633051,G : 127.041495 37.633051; G : 127.041126 37.634112,G : 127.041126 37.634112; G : 127.040642 37.635143,G : 127.040642 37.635143; G : 127.040046 37.636136,G : 127.040046 37.636136; G : 127.039344 37.637084,G : 127.039344 37.637084; G : 127.038541 37.637981,G : 127.038541 37.637981; G : 127.037643 37.638818,G : 127.037643 37.638818; G : 127.037255 37.639137,I : 127.037255 37.639137; I : 127.026717 37.629316,J : 127.026717 37.629316; J : 127.026717 37.629316,K : 127.026717 37.629316; K : 127.026178 37.629464,,,,,,,,,,,,,,,,,,,,,,,,,,,,
4-4,UAM0127,6인승,6,용산,1,1,06:52:09,성수,2,3,07:04:29,06:51:09,06:52:09,06:57:09,06:58:09,07:04:29,07:05:29,07:10:29,07:16:29,A : 126.958453 37.528320; A : 126.958531 37.528069,B : 126.958531 37.528069; B : 126.958531 37.528069,C : 126.958531 37.528069; C : 126.973274 37.524782,E : 126.973274 37.524782; E : 126.972745 37.523765,E : 126.972745 37.523765; E : 126.972107 37.522789,E : 126.972107 37.522789; E : 126.971365 37.521861,E : 126.971365 37.521861; E : 126.970524 37.520988,E : 126.970524 37.520988; E : 126.969590 37.520176,E : 126.969590 37.520176; E : 126.968572 37.519433,E : 126.968572 37.519433; E : 126.967476 37.518763,E : 126.967476 37.518763; E : 126.966311 37.518172,E : 126.966311 37.518172; E : 126.965085 37.517664,E : 126.965085 37.517664; E : 126.963809 37.517242,E : 126.963809 37.517242; E : 126.962491 37.516912,E : 126.962491 37.516912; E : 126.961143 37.516673,E : 126.961143 37.516673; E : 126.959773 37.516530,E : 126.959773 37.516530; E : 126.958393 37.516482,E : 126.958393 37.516482; E : 126.957013 37.516530,E : 126.957013 37.516530; E : 126.955643 37.516673,F : 126.955643 37.516673 R-2000; F : 126.954812 37.516808 R-2000,F : 126.954812 37.516808 L-2000; F : 126.952427 37.508624 L-2000,F : 126.952427 37.508624 L-2000; F : 126.983869 37.497722 L-2000,F : 126.983869 37.497722 R-2000; F : 127.015985 37.509435 R-2000,G : 127.015985 37.509435; G : 127.032590 37.528559,G : 127.032590 37.528559; G : 127.031489 37.529223,G : 127.031489 37.529223; G : 127.030465 37.529962,G : 127.030465 37.529962; G : 127.030402 37.530013,I : 127.030402 37.530013; I : 127.042051 37.540034,J : 127.042051 37.540034; J : 127.042051 37.540034,K : 127.042051 37.540034; K : 127.042173 37.539363,,,,,,,,,,,,,,,,,,,,,,,,,,,,,,,,,,,,,,,,,,,,,,,,,,,,,,,,,,,,,,,,,,,,,,,,,,,
4-5,UAM0165,6인승,6,용산,1,1,06:57:57,잠실,2,5,07:13:05,06:56:57,06:57:57,07:02:57,07:03:57,07:13:05,07:14:05,07:19:05,07:25:05,A : 126.958453 37.528320; A : 126.958531 37.528069,B : 126.958531 37.528069; B : 126.958531 37.528069,C : 126.958531 37.528069; C : 126.973274 37.524782,E : 126.973274 37.524782; E : 126.972745 37.523765,E : 126.972745 37.523765; E : 126.972107 37.522789,E : 126.972107 37.522789; E : 126.971365 37.521861,E : 126.971365 37.521861; E : 126.970524 37.520988,E : 126.970524 37.520988; E : 126.969590 37.520176,E : 126.969590 37.520176; E : 126.968572 37.519433,E : 126.968572 37.519433; E : 126.967476 37.518763,E : 126.967476 37.518763; E : 126.966311 37.518172,E : 126.966311 37.518172; E : 126.965085 37.517664,E : 126.965085 37.517664; E : 126.963809 37.517242,E : 126.963809 37.517242; E : 126.962491 37.516912,E : 126.962491 37.516912; E : 126.961143 37.516673,E : 126.961143 37.516673; E : 126.959773 37.516530,E : 126.959773 37.516530; E : 126.958393 37.516482,E : 126.958393 37.516482; E : 126.957013 37.516530,E : 126.957013 37.516530; E : 126.955643 37.516673,F : 126.955643 37.516673 R-2000; F : 126.954812 37.516808 R-2000,F : 126.954812 37.516808 L-2000; F : 126.952427 37.508624 L-2000,F : 126.952427 37.508624 L-2000; F : 126.983869 37.497722 L-2000,F : 126.983869 37.497722 R-2000; F : 127.015985 37.509435 R-2000,F : 127.015985 37.509435 R-2000; F : 127.034307 37.535385 R-2000,F : 127.034307 37.535385 L-2000; F : 127.064063 37.526465 L-2000,F : 127.064063 37.526465 R-2000; F : 127.069195 37.540230 R-2000,G : 127.069195 37.540230; G : 127.069028 37.524114,G : 127.069028 37.524114; G : 127.068042 37.524086,G : 127.068042 37.524086; G : 127.067062 37.523990,G : 127.067062 37.523990; G : 127.066097 37.523826,G : 127.066097 37.523826; G : 127.065153 37.523596,G : 127.065153 37.523596; G : 127.064239 37.523301,G : 127.064239 37.523301; G : 127.063359 37.522944,G : 127.063359 37.522944; G : 127.062523 37.522527,G : 127.062523 37.522527; G : 127.061735 37.522054,G : 127.061735 37.522054; G : 127.061002 37.521527,G : 127.061002 37.521527; G : 127.060329 37.520952,G : 127.060329 37.520952; G : 127.059722 37.520333,G : 127.059722 37.520333; G : 127.059185 37.519673,G : 127.059185 37.519673; G : 127.058722 37.518979,G : 127.058722 37.518979; G : 127.058337 37.518255,G : 127.058337 37.518255; G : 127.058032 37.517508,G : 127.058032 37.517508; G : 127.057811 37.516742,G : 127.057811 37.516742; G : 127.057674 37.515963,G : 127.057674 37.515963; G : 127.057623 37.515178,G : 127.057623 37.515178; G : 127.057658 37.514393,G : 127.057658 37.514393; G : 127.057778 37.513613,G : 127.057778 37.513613; G : 127.057984 37.512844,G : 127.057984 37.512844; G : 127.058273 37.512092,G : 127.058273 37.512092; G : 127.058643 37.511364,G : 127.058643 37.511364; G : 127.059091 37.510663,G : 127.059091 37.510663; G : 127.059614 37.509997,G : 127.059614 37.509997; G : 127.060209 37.509369,G : 127.060209 37.509369; G : 127.060869 37.508786,G : 127.060869 37.508786; G : 127.061591 37.508250,G : 127.061591 37.508250; G : 127.062369 37.507766,G : 127.062369 37.507766; G : 127.063197 37.507338,G : 127.063197 37.507338; G : 127.064068 37.506970,G : 127.064068 37.506970; G : 127.064976 37.506663,G : 127.064976 37.506663; G : 127.065915 37.506420,G : 127.065915 37.506420; G : 127.066876 37.506244,G : 127.066876 37.506244; G : 127.067853 37.506135,G : 127.067853 37.506135; G : 127.068839 37.506094,G : 127.068839 37.506094; G : 127.069825 37.506122,G : 127.069825 37.506122; G : 127.070804 37.506218,G : 127.070804 37.506218; G : 127.071769 37.506382,G : 127.071769 37.506382; G : 127.072712 37.506612,G : 127.072712 37.506612; G : 127.073627 37.506907,G : 127.073627 37.506907; G : 127.074506 37.507264,G : 127.074506 37.507264; G : 127.075342 37.507681,G : 127.075342 37.507681; G : 127.076130 37.508154,G : 127.076130 37.508154; G : 127.076863 37.508680,G : 127.076863 37.508680; G : 127.077536 37.509255,G : 127.077536 37.509255; G : 127.078143 37.509875,G : 127.078143 37.509875; G : 127.078680 37.510534,G : 127.078680 37.510534; G : 127.079143 37.511229,G : 127.079143 37.511229; G : 127.079528 37.511952,G : 127.079528 37.511952; G : 127.079832 37.512700,G : 127.079832 37.512700; G : 127.080054 37.513466,G : 127.080054 37.513466; G : 127.080191 37.514244,G : 127.080191 37.514244; G : 127.080242 37.515029,G : 127.080242 37.515029; G : 127.080207 37.515815,G : 127.080207 37.515815; G : 127.080086 37.516595,G : 127.080086 37.516595; G : 127.079881 37.517364,G : 127.079881 37.517364; G : 127.079592 37.518115,G : 127.079592 37.518115; G : 127.079222 37.518844,G : 127.079222 37.518844; G : 127.078773 37.519544,G : 127.078773 37.519544; G : 127.078250 37.520211,G : 127.078250 37.520211; G : 127.077656 37.520838,G : 127.077656 37.520838; G : 127.076995 37.521422,G : 127.076995 37.521422; G : 127.076929 37.521475,I : 127.076929 37.521475; I : 127.069388 37.514097,J : 127.069388 37.514097; J : 127.069388 37.514097,K : 127.069388 37.514097; K : 127.069361 37.514353,,,,,,,,,,,
4-6,UAM0172,6인승,6,용산,1,2,06:58:26,가산·대림,2,2,07:17:12,06:57:26,06:58:26,07:03:57,07:04:57,07:17:12,07:18:12,07:23:12,07:29:12,A : 126.958407 37.528468; A : 126.958531 37.528069,B : 126.958531 37.528069; B : 126.958531 37.528069,C : 126.958531 37.528069; C : 126.973274 37.524782,E : 126.973274 37.524782; E : 126.972745 37.523765,E : 126.972745 37.523765; E : 126.972107 37.522789,E : 126.972107 37.522789; E : 126.971365 37.521861,E : 126.971365 37.521861; E : 126.970524 37.520988,E : 126.970524 37.520988; E : 126.969590 37.520176,E : 126.969590 37.520176; E : 126.968572 37.519433,E : 126.968572 37.519433; E : 126.967476 37.518763,E : 126.967476 37.518763; E : 126.966311 37.518172,E : 126.966311 37.518172; E : 126.965085 37.517664,E : 126.965085 37.517664; E : 126.963809 37.517242,E : 126.963809 37.517242; E : 126.962491 37.516912,E : 126.962491 37.516912; E : 126.961143 37.516673,E : 126.961143 37.516673; E : 126.959773 37.516530,E : 126.959773 37.516530; E : 126.958393 37.516482,E : 126.958393 37.516482; E : 126.957013 37.516530,E : 126.957013 37.516530; E : 126.955643 37.516673,E : 126.955643 37.516673; E : 126.954294 37.516912,E : 126.954294 37.516912; E : 126.952977 37.517242,E : 126.952977 37.517242; E : 126.951700 37.517664,E : 126.951700 37.517664; E : 126.950475 37.518172,E : 126.950475 37.518172; E : 126.949310 37.518763,E : 126.949310 37.518763; E : 126.948214 37.519433,E : 126.948214 37.519433; E : 126.947195 37.520176,E : 126.947195 37.520176; E : 126.946262 37.520988,E : 126.946262 37.520988; E : 126.945421 37.521861,E : 126.945421 37.521861; E : 126.944678 37.522789,E : 126.944678 37.522789; E : 126.944040 37.523765,E : 126.944040 37.523765; E : 126.943512 37.524782,E : 126.943512 37.524782; E : 126.943096 37.525831,E : 126.943096 37.525831; E : 126.942797 37.526906,E : 126.942797 37.526906; E : 126.942617 37.527997,E : 126.942617 37.527997; E : 126.942557 37.529096,E : 126.942557 37.529096; E : 126.942617 37.530195,E : 126.942617 37.530195; E : 126.942797 37.531286,E : 126.942797 37.531286; E : 126.943096 37.532361,F : 126.943096 37.532361 R-2000; F : 126.943229 37.532731 R-2000,F : 126.943229 37.532731 R-2000; F : 126.925389 37.537006 R-2000,F : 126.925389 37.537006 R-2000; F : 126.902987 37.542413 R-2000,F : 126.902987 37.542413 L-2000; F : 126.908192 37.516013 L-2000,G : 126.908192 37.516013; G : 126.898836 37.507466,G : 126.898836 37.507466; G : 126.900766 37.506003,G : 126.900766 37.506003; G : 126.902528 37.504411,G : 126.902528 37.504411; G : 126.904109 37.502703,G : 126.904109 37.502703; G : 126.905497 37.500892,G : 126.905497 37.500892; G : 126.906682 37.498991,G : 126.906682 37.498991; G : 126.907655 37.497015,G : 126.907655 37.497015; G : 126.908407 37.494979,G : 126.908407 37.494979; G : 126.908934 37.492899,G : 126.908934 37.492899; G : 126.909232 37.490790,G : 126.909232 37.490790; G : 126.909297 37.488668,G : 126.909297 37.488668; G : 126.909131 37.486550,G : 126.909131 37.486550; G : 126.908733 37.484452,G : 126.908733 37.484452; G : 126.908107 37.482389,G : 126.908107 37.482389; G : 126.907258 37.480377,G : 126.907258 37.480377; G : 126.906193 37.478432,G : 126.906193 37.478432; G : 126.904918 37.476569,G : 126.904918 37.476569; G : 126.903445 37.474801,G : 126.903445 37.474801; G : 126.901784 37.473142,G : 126.901784 37.473142; G : 126.899948 37.471604,G : 126.899948 37.471604; G : 126.897951 37.470201,G : 126.897951 37.470201; G : 126.895809 37.468941,G : 126.895809 37.468941; G : 126.893536 37.467835,G : 126.893536 37.467835; G : 126.891151 37.466891,G : 126.891151 37.466891; G : 126.888673 37.466116,G : 126.888673 37.466116; G : 126.886119 37.465516,G : 126.886119 37.465516; G : 126.883509 37.465096,G : 126.883509 37.465096; G : 126.880863 37.464859,G : 126.880863 37.464859; G : 126.878201 37.464807,G : 126.878201 37.464807; G : 126.875544 37.464940,G : 126.875544 37.464940; G : 126.872912 37.465257,G : 126.872912 37.465257; G : 126.870324 37.465756,G : 126.870324 37.465756; G : 126.867800 37.466432,G : 126.867800 37.466432; G : 126.865360 37.467281,G : 126.865360 37.467281; G : 126.863022 37.468297,G : 126.863022 37.468297; G : 126.860804 37.469471,G : 126.860804 37.469471; G : 126.858723 37.470795,G : 126.858723 37.470795; G : 126.856794 37.472258,G : 126.856794 37.472258; G : 126.855033 37.473850,G : 126.855033 37.473850; G : 126.853452 37.475558,G : 126.853452 37.475558; G : 126.852065 37.477369,G : 126.852065 37.477369; G : 126.850880 37.479270,G : 126.850880 37.479270; G : 126.849908 37.481246,G : 126.849908 37.481246; G : 126.849156 37.483282,G : 126.849156 37.483282; G : 126.848629 37.485362,G : 126.848629 37.485362; G : 126.848331 37.487471,G : 126.848331 37.487471; G : 126.848266 37.489593,G : 126.848266 37.489593; G : 126.848432 37.491711,G : 126.848432 37.491711; G : 126.848830 37.493810,G : 126.848830 37.493810; G : 126.849456 37.495872,G : 126.849456 37.495872; G : 126.850305 37.497884,G : 126.850305 37.497884; G : 126.851371 37.499829,G : 126.851371 37.499829; G : 126.852646 37.501693,G : 126.852646 37.501693; G : 126.854119 37.503461,G : 126.854119 37.503461; G : 126.855781 37.505119,G : 126.855781 37.505119; G : 126.857617 37.506657,G : 126.857617 37.506657; G : 126.859615 37.508060,G : 126.859615 37.508060; G : 126.861759 37.509320,G : 126.861759 37.509320; G : 126.864033 37.510426,H : 126.864033 37.510426; H : 126.865891 37.511179,I : 126.865891 37.511179; I : 126.879164 37.488096,J : 126.879164 37.488096; J : 126.879164 37.488096,K : 126.879164 37.488096; K : 126.878670 37.488489
4-7,UAM0202,6인승,6,용산,1,2,07:06:13,천호·길동,2,4,07:20:45,07:05:13,07:06:13,07:11:13,07:12:13,07:20:45,07:21:45,07:26:45,07:32:45,A : 126.958407 37.528468; A : 126.958531 37.528069,B : 126.958531 37.528069; B : 126.958531 37.528069,C : 126.958531 37.528069; C : 126.973274 37.524782,E : 126.973274 37.524782; E : 126.972745 37.523765,E : 126.972745 37.523765; E : 126.972107 37.522789,E : 126.972107 37.522789; E : 126.971365 37.521861,E : 126.971365 37.521861; E : 126.970524 37.520988,E : 126.970524 37.520988; E : 126.969590 37.520176,E : 126.969590 37.520176; E : 126.968572 37.519433,E : 126.968572 37.519433; E : 126.967476 37.518763,E : 126.967476 37.518763; E : 126.966311 37.518172,E : 126.966311 37.518172; E : 126.965085 37.517664,E : 126.965085 37.517664; E : 126.963809 37.517242,E : 126.963809 37.517242; E : 126.962491 37.516912,E : 126.962491 37.516912; E : 126.961143 37.516673,E : 126.961143 37.516673; E : 126.959773 37.516530,E : 126.959773 37.516530; E : 126.958393 37.516482,E : 126.958393 37.516482; E : 126.957013 37.516530,E : 126.957013 37.516530; E : 126.955643 37.516673,F : 126.955643 37.516673 R-2000; F : 126.954812 37.516808 R-2000,F : 126.954812 37.516808 L-2000; F : 126.952427 37.508624 L-2000,F : 126.952427 37.508624 L-2000; F : 126.983869 37.497722 L-2000,F : 126.983869 37.497722 R-2000; F : 127.015985 37.509435 R-2000,F : 127.015985 37.509435 R-2000; F : 127.034307 37.535385 R-2000,F : 127.034307 37.535385 L-2000; F : 127.064063 37.526465 L-2000,F : 127.064063 37.526465 L-2000; F : 127.091213 37.524302 L-2000,G : 127.091213 37.524302; G : 127.107781 37.537051,G : 127.107781 37.537051; G : 127.108783 37.536294,G : 127.108783 37.536294; G : 127.109865 37.535609,G : 127.109865 37.535609; G : 127.111017 37.535002,G : 127.111017 37.535002; G : 127.112232 37.534477,G : 127.112232 37.534477; G : 127.113499 37.534038,G : 127.113499 37.534038; G : 127.114810 37.533689,G : 127.114810 37.533689; G : 127.116153 37.533433,G : 127.116153 37.533433; G : 127.117520 37.533270,G : 127.117520 37.533270; G : 127.118899 37.533203,G : 127.118899 37.533203; G : 127.120280 37.533232,G : 127.120280 37.533232; G : 127.121653 37.533357,G : 127.121653 37.533357; G : 127.123007 37.533577,G : 127.123007 37.533577; G : 127.123271 37.533631,I : 127.123271 37.533631; I : 127.119049 37.544743,J : 127.119049 37.544743; J : 127.119049 37.544743,K : 127.119049 37.544743; K : 127.118921 37.545547,,,,,,,,,,,,,,,,,,,,,,,,,,,,,,,,,,,,,,,,,,,,,,,,,,,,,,,,,,,,,,
4-8,UAM0086,6인승,6,용산,1,1,07:10:03,상암·수색,2,1,07:25:41,07:10:20,07:11:20,07:16:20,07:17:20,07:25:41,07:26:41,07:31:41,07:37:41,A : 126.958453 37.528320; A : 126.958531 37.528069,B : 126.958531 37.528069; B : 126.958531 37.528069,C : 126.958531 37.528069; C : 126.973274 37.524782,E : 126.973274 37.524782; E : 126.972745 37.523765,E : 126.972745 37.523765; E : 126.972107 37.522789,E : 126.972107 37.522789; E : 126.971365 37.521861,E : 126.971365 37.521861; E : 126.970524 37.520988,E : 126.970524 37.520988; E : 126.969590 37.520176,E : 126.969590 37.520176; E : 126.968572 37.519433,E : 126.968572 37.519433; E : 126.967476 37.518763,E : 126.967476 37.518763; E : 126.966311 37.518172,E : 126.966311 37.518172; E : 126.965085 37.517664,E : 126.965085 37.517664; E : 126.963809 37.517242,E : 126.963809 37.517242; E : 126.962491 37.516912,E : 126.962491 37.516912; E : 126.961143 37.516673,E : 126.961143 37.516673; E : 126.959773 37.516530,E : 126.959773 37.516530; E : 126.958393 37.516482,E : 126.958393 37.516482; E : 126.957013 37.516530,E : 126.957013 37.516530; E : 126.955643 37.516673,E : 126.955643 37.516673; E : 126.954294 37.516912,E : 126.954294 37.516912; E : 126.952977 37.517242,E : 126.952977 37.517242; E : 126.951700 37.517664,E : 126.951700 37.517664; E : 126.950475 37.518172,E : 126.950475 37.518172; E : 126.949310 37.518763,E : 126.949310 37.518763; E : 126.948214 37.519433,E : 126.948214 37.519433; E : 126.947195 37.520176,E : 126.947195 37.520176; E : 126.946262 37.520988,E : 126.946262 37.520988; E : 126.945421 37.521861,E : 126.945421 37.521861; E : 126.944678 37.522789,E : 126.944678 37.522789; E : 126.944040 37.523765,E : 126.944040 37.523765; E : 126.943512 37.524782,E : 126.943512 37.524782; E : 126.943096 37.525831,E : 126.943096 37.525831; E : 126.942797 37.526906,E : 126.942797 37.526906; E : 126.942617 37.527997,E : 126.942617 37.527997; E : 126.942557 37.529096,E : 126.942557 37.529096; E : 126.942617 37.530195,E : 126.942617 37.530195; E : 126.942797 37.531286,E : 126.942797 37.531286; E : 126.943096 37.532361,F : 126.943096 37.532361 R-2000; F : 126.943229 37.532731 R-2000,F : 126.943229 37.532731 R-2000; F : 126.925389 37.537006 R-2000,F : 126.925389 37.537006 R-2000; F : 126.902987 37.542413 R-2000,F : 126.902987 37.542413 R-2000; F : 126.892011 37.552684 R-2000,F : 126.892011 37.552684 R-2000; F : 126.923842 37.557204 R-2000,G : 126.923842 37.557204; G : 126.905757 37.559951,G : 126.905757 37.559951; G : 126.905439 37.558880,G : 126.905439 37.558880; G : 126.905005 37.557835,G : 126.905005 37.557835; G : 126.904458 37.556824,G : 126.904458 37.556824; G : 126.903803 37.555855,G : 126.903803 37.555855; G : 126.903044 37.554936,G : 126.903044 37.554936; G : 126.902187 37.554072,G : 126.902187 37.554072; G : 126.901239 37.553271,G : 126.901239 37.553271; G : 126.900208 37.552539,G : 126.900208 37.552539; G : 126.899099 37.551881,G : 126.899099 37.551881; G : 126.897923 37.551303,G : 126.897923 37.551303; G : 126.896689 37.550809,G : 126.896689 37.550809; G : 126.895405 37.550402,G : 126.895405 37.550402; G : 126.894081 37.550085,G : 126.894081 37.550085; G : 126.892727 37.549862,G : 126.892727 37.549862; G : 126.891355 37.549734,G : 126.891355 37.549734; G : 126.889973 37.549701,G : 126.889973 37.549701; G : 126.888593 37.549764,G : 126.888593 37.549764; G : 126.887226 37.549923,G : 126.887226 37.549923; G : 126.885881 37.550176,G : 126.885881 37.550176; G : 126.884569 37.550522,G : 126.884569 37.550522; G : 126.883299 37.550957,G : 126.883299 37.550957; G : 126.882082 37.551479,G : 126.882082 37.551479; G : 126.880927 37.552083,G : 126.880927 37.552083; G : 126.879842 37.552765,G : 126.879842 37.552765; G : 126.878836 37.553520,G : 126.878836 37.553520; G : 126.877917 37.554341,G : 126.877917 37.554341; G : 126.877091 37.555224,G : 126.877091 37.555224; G : 126.876365 37.556160,G : 126.876365 37.556160; G : 126.875743 37.557143,G : 126.875743 37.557143; G : 126.875232 37.558165,G : 126.875232 37.558165; G : 126.874835 37.559219,G : 126.874835 37.559219; G : 126.874555 37.560297,G : 126.874555 37.560297; G : 126.874393 37.561390,G : 126.874393 37.561390; G : 126.874352 37.562490,G : 126.874352 37.562490; G : 126.874432 37.563588,G : 126.874432 37.563588; G : 126.874631 37.564677,G : 126.874631 37.564677; G : 126.874949 37.565748,G : 126.874949 37.565748; G : 126.875383 37.566793,G : 126.875383 37.566793; G : 126.875930 37.567804,G : 126.875930 37.567804; G : 126.876586 37.568773,G : 126.876586 37.568773; G : 126.877345 37.569693,G : 126.877345 37.569693; G : 126.878201 37.570556,G : 126.878201 37.570556; G : 126.879149 37.571357,G : 126.879149 37.571357; G : 126.880182 37.572089,G : 126.880182 37.572089; G : 126.881290 37.572747,G : 126.881290 37.572747; G : 126.882466 37.573325,G : 126.882466 37.573325; G : 126.883701 37.573820,G : 126.883701 37.573820; G : 126.884986 37.574227,G : 126.884986 37.574227; G : 126.886310 37.574543,G : 126.886310 37.574543; G : 126.887664 37.574766,G : 126.887664 37.574766; G : 126.889037 37.574894,G : 126.889037 37.574894; G : 126.890198 37.574928,I : 126.890198 37.574928; I : 126.891411 37.561833,J : 126.891411 37.561833; J : 126.891411 37.561833,K : 126.891411 37.561833; K : 126.890865 37.561699,,,,,,
4-9,UAM0108,6인승,6,용산,1,1,07:29:41,목동,2,6,07:44:52,07:30:39,07:31:39,07:36:39,07:37:39,07:44:52,07:45:52,07:50:52,07:56:52,A : 126.958453 37.528320; A : 126.958531 37.528069,B : 126.958531 37.528069; B : 126.958531 37.528069,C : 126.958531 37.528069; C : 126.973274 37.524782,E : 126.973274 37.524782; E : 126.972745 37.523765,E : 126.972745 37.523765; E : 126.972107 37.522789,E : 126.972107 37.522789; E : 126.971365 37.521861,E : 126.971365 37.521861; E : 126.970524 37.520988,E : 126.970524 37.520988; E : 126.969590 37.520176,E : 126.969590 37.520176; E : 126.968572 37.519433,E : 126.968572 37.519433; E : 126.967476 37.518763,E : 126.967476 37.518763; E : 126.966311 37.518172,E : 126.966311 37.518172; E : 126.965085 37.517664,E : 126.965085 37.517664; E : 126.963809 37.517242,E : 126.963809 37.517242; E : 126.962491 37.516912,E : 126.962491 37.516912; E : 126.961143 37.516673,E : 126.961143 37.516673; E : 126.959773 37.516530,E : 126.959773 37.516530; E : 126.958393 37.516482,E : 126.958393 37.516482; E : 126.957013 37.516530,E : 126.957013 37.516530; E : 126.955643 37.516673,E : 126.955643 37.516673; E : 126.954294 37.516912,E : 126.954294 37.516912; E : 126.952977 37.517242,E : 126.952977 37.517242; E : 126.951700 37.517664,E : 126.951700 37.517664; E : 126.950475 37.518172,E : 126.950475 37.518172; E : 126.949310 37.518763,E : 126.949310 37.518763; E : 126.948214 37.519433,E : 126.948214 37.519433; E : 126.947195 37.520176,E : 126.947195 37.520176; E : 126.946262 37.520988,E : 126.946262 37.520988; E : 126.945421 37.521861,E : 126.945421 37.521861; E : 126.944678 37.522789,E : 126.944678 37.522789; E : 126.944040 37.523765,E : 126.944040 37.523765; E : 126.943512 37.524782,E : 126.943512 37.524782; E : 126.943096 37.525831,E : 126.943096 37.525831; E : 126.942797 37.526906,E : 126.942797 37.526906; E : 126.942617 37.527997,E : 126.942617 37.527997; E : 126.942557 37.529096,E : 126.942557 37.529096; E : 126.942617 37.530195,E : 126.942617 37.530195; E : 126.942797 37.531286,E : 126.942797 37.531286; E : 126.943096 37.532361,F : 126.943096 37.532361 R-2000; F : 126.943229 37.532731 R-2000,F : 126.943229 37.532731 R-2000; F : 126.925389 37.537006 R-2000,F : 126.925389 37.537006 R-2000; F : 126.902987 37.542413 R-2000,F : 126.902987 37.542413 R-2000; F : 126.892011 37.552684 R-2000,G : 126.892011 37.552684; G : 126.881112 37.534516,G : 126.881112 37.534516; G : 126.881984 37.534147,G : 126.881984 37.534147; G : 126.882811 37.533718,G : 126.882811 37.533718; G : 126.883589 37.533234,G : 126.883589 37.533234; G : 126.884310 37.532697,G : 126.884310 37.532697; G : 126.884970 37.532113,G : 126.884970 37.532113; G : 126.885564 37.531485,G : 126.885564 37.531485; G : 126.886086 37.530818,G : 126.886086 37.530818; G : 126.886534 37.530118,G : 126.886534 37.530118; G : 126.886903 37.529389,G : 126.886903 37.529389; G : 126.887191 37.528637,G : 126.887191 37.528637; G : 126.887396 37.527868,G : 126.887396 37.527868; G : 126.887516 37.527088,G : 126.887516 37.527088; G : 126.887550 37.526302,G : 126.887550 37.526302; G : 126.887497 37.525517,G : 126.887497 37.525517; G : 126.887360 37.524739,G : 126.887360 37.524739; G : 126.887137 37.523973,G : 126.887137 37.523973; G : 126.886832 37.523226,G : 126.886832 37.523226; G : 126.886445 37.522502,G : 126.886445 37.522502; G : 126.885982 37.521808,G : 126.885982 37.521808; G : 126.885444 37.521149,G : 126.885444 37.521149; G : 126.884836 37.520530,G : 126.884836 37.520530; G : 126.884162 37.519956,G : 126.884162 37.519956; G : 126.883429 37.519430,G : 126.883429 37.519430; G : 126.882640 37.518957,G : 126.882640 37.518957; G : 126.881803 37.518541,G : 126.881803 37.518541; G : 126.880924 37.518185,G : 126.880924 37.518185; G : 126.880009 37.517891,G : 126.880009 37.517891; G : 126.879065 37.517661,G : 126.879065 37.517661; G : 126.878099 37.517498,G : 126.878099 37.517498; G : 126.877120 37.517403,G : 126.877120 37.517403; G : 126.876134 37.517376,G : 126.876134 37.517376; G : 126.875148 37.517417,G : 126.875148 37.517417; G : 126.874171 37.517527,G : 126.874171 37.517527; G : 126.873210 37.517704,G : 126.873210 37.517704; G : 126.872272 37.517948,G : 126.872272 37.517948; G : 126.871363 37.518255,G : 126.871363 37.518255; G : 126.870492 37.518624,G : 126.870492 37.518624; G : 126.869665 37.519053,G : 126.869665 37.519053; G : 126.868888 37.519537,G : 126.868888 37.519537; G : 126.868166 37.520074,G : 126.868166 37.520074; G : 126.867506 37.520658,G : 126.867506 37.520658; G : 126.866913 37.521286,G : 126.866913 37.521286; G : 126.866390 37.521953,G : 126.866390 37.521953; G : 126.865943 37.522653,G : 126.865943 37.522653; G : 126.865574 37.523382,G : 126.865574 37.523382; G : 126.865286 37.524134,G : 126.865286 37.524134; G : 126.865081 37.524903,G : 126.865081 37.524903; G : 126.864961 37.525683,G : 126.864961 37.525683; G : 126.864927 37.526386,I : 126.864927 37.526386; I : 126.877654 37.526397,J : 126.877654 37.526397; J : 126.877654 37.526397,K : 126.877654 37.526397; K : 126.877145 37.526478,,,,,,,,,,
4-10,UAM0140,6인승,6,용산,1,2,07:38:14,마곡,2,5,07:55:49,07:37:14,07:38:14,07:43:14,07:44:14,07:55:49,07:56:49,08:01:49,08:07:49,A : 126.958407 37.528468; A : 126.958531 37.528069,B : 126.958531 37.528069; B : 126.958531 37.528069,C : 126.958531 37.528069; C : 126.973274 37.524782,E : 126.973274 37.524782; E : 126.972745 37.523765,E : 126.972745 37.523765; E : 126.972107 37.522789,E : 126.972107 37.522789; E : 126.971365 37.521861,E : 126.971365 37.521861; E : 126.970524 37.520988,E : 126.970524 37.520988; E : 126.969590 37.520176,E : 126.969590 37.520176; E : 126.968572 37.519433,E : 126.968572 37.519433; E : 126.967476 37.518763,E : 126.967476 37.518763; E : 126.966311 37.518172,E : 126.966311 37.518172; E : 126.965085 37.517664,E : 126.965085 37.517664; E : 126.963809 37.517242,E : 126.963809 37.517242; E : 126.962491 37.516912,E : 126.962491 37.516912; E : 126.961143 37.516673,E : 126.961143 37.516673; E : 126.959773 37.516530,E : 126.959773 37.516530; E : 126.958393 37.516482,E : 126.958393 37.516482; E : 126.957013 37.516530,E : 126.957013 37.516530; E : 126.955643 37.516673,E : 126.955643 37.516673; E : 126.954294 37.516912,E : 126.954294 37.516912; E : 126.952977 37.517242,E : 126.952977 37.517242; E : 126.951700 37.517664,E : 126.951700 37.517664; E : 126.950475 37.518172,E : 126.950475 37.518172; E : 126.949310 37.518763,E : 126.949310 37.518763; E : 126.948214 37.519433,E : 126.948214 37.519433; E : 126.947195 37.520176,E : 126.947195 37.520176; E : 126.946262 37.520988,E : 126.946262 37.520988; E : 126.945421 37.521861,E : 126.945421 37.521861; E : 126.944678 37.522789,E : 126.944678 37.522789; E : 126.944040 37.523765,E : 126.944040 37.523765; E : 126.943512 37.524782,E : 126.943512 37.524782; E : 126.943096 37.525831,E : 126.943096 37.525831; E : 126.942797 37.526906,E : 126.942797 37.526906; E : 126.942617 37.527997,E : 126.942617 37.527997; E : 126.942557 37.529096,E : 126.942557 37.529096; E : 126.942617 37.530195,E : 126.942617 37.530195; E : 126.942797 37.531286,E : 126.942797 37.531286; E : 126.943096 37.532361,F : 126.943096 37.532361 R-2000; F : 126.943229 37.532731 R-2000,F : 126.943229 37.532731 R-2000; F : 126.925389 37.537006 R-2000,F : 126.925389 37.537006 R-2000; F : 126.902987 37.542413 R-2000,F : 126.902987 37.542413 R-2000; F : 126.892011 37.552684 R-2000,F : 126.892011 37.552684 R-2000; F : 126.861683 37.569533 R-2000,F : 126.861683 37.569533 L-2000; F : 126.831913 37.566290 L-2000,G : 126.831913 37.566290; G : 126.822307 37.565664,G : 126.822307 37.565664; G : 126.821974 37.567770,G : 126.821974 37.567770; G : 126.821412 37.569845,G : 126.821412 37.569845; G : 126.820625 37.571872,G : 126.820625 37.571872; G : 126.819619 37.573838,G : 126.819619 37.573838; G : 126.818401 37.575726,G : 126.818401 37.575726; G : 126.816981 37.577522,G : 126.816981 37.577522; G : 126.815370 37.579213,G : 126.815370 37.579213; G : 126.813579 37.580786,G : 126.813579 37.580786; G : 126.811624 37.582228,G : 126.811624 37.582228; G : 126.809517 37.583530,G : 126.809517 37.583530; G : 126.807276 37.584680,G : 126.807276 37.584680; G : 126.804918 37.585671,G : 126.804918 37.585671; G : 126.802460 37.586494,G : 126.802460 37.586494; G : 126.799921 37.587144,G : 126.799921 37.587144; G : 126.797321 37.587615,G : 126.797321 37.587615; G : 126.794679 37.587904,G : 126.794679 37.587904; G : 126.792016 37.588009,G : 126.792016 37.588009; G : 126.789351 37.587928,G : 126.789351 37.587928; G : 126.786705 37.587663,G : 126.786705 37.587663; G : 126.784098 37.587215,G : 126.784098 37.587215; G : 126.781550 37.586589,G : 126.781550 37.586589; G : 126.779080 37.585788,H : 126.779080 37.585788; H : 126.778923 37.585730,I : 126.778923 37.585730; I : 126.792978 37.562979,J : 126.792978 37.562979; J : 126.792978 37.562979,K : 126.792978 37.562979; K : 126.792758 37.563167,,,,,,,,,,,,,,,,,,,,,,,,,,,,,,,,,,
4-11,UAM0194,6인승,6,용산,1,2,07:41:41,연신내·불광,2,5,07:55:10,07:40:41,07:41:41,07:46:41,07:47:41,07:55:10,07:56:10,08:01:10,08:07:10,A : 126.958407 37.528468; A : 126.958531 37.528069,B : 126.958531 37.528069; B : 126.958531 37.528069,C : 126.958531 37.528069; C : 126.973274 37.524782,E : 126.973274 37.524782; E : 126.972745 37.523765,E : 126.972745 37.523765; E : 126.972107 37.522789,E : 126.972107 37.522789; E : 126.971365 37.521861,E : 126.971365 37.521861; E : 126.970524 37.520988,E : 126.970524 37.520988; E : 126.969590 37.520176,E : 126.969590 37.520176; E : 126.968572 37.519433,E : 126.968572 37.519433; E : 126.967476 37.518763,E : 126.967476 37.518763; E : 126.966311 37.518172,E : 126.966311 37.518172; E : 126.965085 37.517664,E : 126.965085 37.517664; E : 126.963809 37.517242,E : 126.963809 37.517242; E : 126.962491 37.516912,E : 126.962491 37.516912; E : 126.961143 37.516673,E : 126.961143 37.516673; E : 126.959773 37.516530,E : 126.959773 37.516530; E : 126.958393 37.516482,E : 126.958393 37.516482; E : 126.957013 37.516530,E : 126.957013 37.516530; E : 126.955643 37.516673,E : 126.955643 37.516673; E : 126.954294 37.516912,E : 126.954294 37.516912; E : 126.952977 37.517242,E : 126.952977 37.517242; E : 126.951700 37.517664,E : 126.951700 37.517664; E : 126.950475 37.518172,E : 126.950475 37.518172; E : 126.949310 37.518763,E : 126.949310 37.518763; E : 126.948214 37.519433,E : 126.948214 37.519433; E : 126.947195 37.520176,E : 126.947195 37.520176; E : 126.946262 37.520988,E : 126.946262 37.520988; E : 126.945421 37.521861,E : 126.945421 37.521861; E : 126.944678 37.522789,E : 126.944678 37.522789; E : 126.944040 37.523765,E : 126.944040 37.523765; E : 126.943512 37.524782,E : 126.943512 37.524782; E : 126.943096 37.525831,E : 126.943096 37.525831; E : 126.942797 37.526906,E : 126.942797 37.526906; E : 126.942617 37.527997,E : 126.942617 37.527997; E : 126.942557 37.529096,E : 126.942557 37.529096; E : 126.942617 37.530195,E : 126.942617 37.530195; E : 126.942797 37.531286,E : 126.942797 37.531286; E : 126.943096 37.532361,F : 126.943096 37.532361 R-2000; F : 126.943229 37.532731 R-2000,F : 126.943229 37.532731 R-2000; F : 126.925389 37.537006 R-2000,F : 126.925389 37.537006 R-2000; F : 126.902987 37.542413 R-2000,F : 126.902987 37.542413 R-2000; F : 126.892011 37.552684 R-2000,F : 126.892011 37.552684 R-2000; F : 126.886919 37.586472 R-2000,G : 126.886919 37.586472; G : 126.910838 37.602913,G : 126.910838 37.602913; G : 126.909981 37.603777,G : 126.909981 37.603777; G : 126.909221 37.604696,G : 126.909221 37.604696; G : 126.908565 37.605665,G : 126.908565 37.605665; G : 126.908017 37.606676,G : 126.908017 37.606676; G : 126.907583 37.607720,G : 126.907583 37.607720; G : 126.907523 37.607894,I : 126.907523 37.607894; I : 126.923943 37.610615,J : 126.923943 37.610615; J : 126.923943 37.610615,K : 126.923943 37.610615; K : 126.923715 37.610797,,,,,,,,,,,,,,,,,,,,,,,,,,,,,,,,,,,,,,,,,,,,,,,,,,,,
4-12,UAM0016,6인승,6,용산,1,1,07:48:16,미아,2,7,08:09:45,07:48:50,07:49:50,07:54:50,07:55:50,08:09:45,08:10:45,08:15:45,08:21:45,A : 126.958453 37.528320; A : 126.958531 37.528069,B : 126.958531 37.528069; B : 126.958531 37.528069,C : 126.958531 37.528069; C : 126.973274 37.524782,E : 126.973274 37.524782; E : 126.972745 37.523765,E : 126.972745 37.523765; E : 126.972107 37.522789,E : 126.972107 37.522789; E : 126.971365 37.521861,E : 126.971365 37.521861; E : 126.970524 37.520988,E : 126.970524 37.520988; E : 126.969590 37.520176,E : 126.969590 37.520176; E : 126.968572 37.519433,E : 126.968572 37.519433; E : 126.967476 37.518763,E : 126.967476 37.518763; E : 126.966311 37.518172,E : 126.966311 37.518172; E : 126.965085 37.517664,E : 126.965085 37.517664; E : 126.963809 37.517242,E : 126.963809 37.517242; E : 126.962491 37.516912,E : 126.962491 37.516912; E : 126.961143 37.516673,E : 126.961143 37.516673; E : 126.959773 37.516530,E : 126.959773 37.516530; E : 126.958393 37.516482,E : 126.958393 37.516482; E : 126.957013 37.516530,E : 126.957013 37.516530; E : 126.955643 37.516673,E : 126.955643 37.516673; E : 126.954294 37.516912,E : 126.954294 37.516912; E : 126.952977 37.517242,E : 126.952977 37.517242; E : 126.951700 37.517664,E : 126.951700 37.517664; E : 126.950475 37.518172,E : 126.950475 37.518172; E : 126.949310 37.518763,E : 126.949310 37.518763; E : 126.948214 37.519433,E : 126.948214 37.519433; E : 126.947195 37.520176,E : 126.947195 37.520176; E : 126.946262 37.520988,E : 126.946262 37.520988; E : 126.945421 37.521861,E : 126.945421 37.521861; E : 126.944678 37.522789,E : 126.944678 37.522789; E : 126.944040 37.523765,E : 126.944040 37.523765; E : 126.943512 37.524782,E : 126.943512 37.524782; E : 126.943096 37.525831,E : 126.943096 37.525831; E : 126.942797 37.526906,E : 126.942797 37.526906; E : 126.942617 37.527997,E : 126.942617 37.527997; E : 126.942557 37.529096,E : 126.942557 37.529096; E : 126.942617 37.530195,E : 126.942617 37.530195; E : 126.942797 37.531286,E : 126.942797 37.531286; E : 126.943096 37.532361,F : 126.943096 37.532361 R-2000; F : 126.943229 37.532731 R-2000,F : 126.943229 37.532731 R-2000; F : 126.925389 37.537006 R-2000,F : 126.925389 37.537006 R-2000; F : 126.902987 37.542413 R-2000,F : 126.902987 37.542413 R-2000; F : 126.892011 37.552684 R-2000,F : 126.892011 37.552684 R-2000; F : 126.923842 37.557204 R-2000,F : 126.923842 37.557204 R-2000; F : 126.976391 37.570046 R-2000,F : 126.976391 37.570046 R-2000; F : 127.023638 37.575840 R-2000,G : 127.023638 37.575840; G : 127.025485 37.617611,G : 127.025485 37.617611; G : 127.026869 37.617620,G : 127.026869 37.617620; G : 127.028246 37.617725,G : 127.028246 37.617725; G : 127.029606 37.617926,G : 127.029606 37.617926; G : 127.030939 37.618219,G : 127.030939 37.618219; G : 127.032235 37.618605,G : 127.032235 37.618605; G : 127.033484 37.619078,G : 127.033484 37.619078; G : 127.034676 37.619636,G : 127.034676 37.619636; G : 127.035802 37.620275,G : 127.035802 37.620275; G : 127.036855 37.620990,G : 127.036855 37.620990; G : 127.037824 37.621774,G : 127.037824 37.621774; G : 127.038705 37.622623,G : 127.038705 37.622623; G : 127.039489 37.623530,G : 127.039489 37.623530; G : 127.040170 37.624487,G : 127.040170 37.624487; G : 127.040744 37.625489,G : 127.040744 37.625489; G : 127.041206 37.626526,G : 127.041206 37.626526; G : 127.041553 37.627591,G : 127.041553 37.627591; G : 127.041782 37.628677,G : 127.041782 37.628677; G : 127.041891 37.629774,G : 127.041891 37.629774; G : 127.041879 37.630874,G : 127.041879 37.630874; G : 127.041747 37.631969,G : 127.041747 37.631969; G : 127.041495 37.633051,G : 127.041495 37.633051; G : 127.041126 37.634112,G : 127.041126 37.634112; G : 127.040642 37.635143,G : 127.040642 37.635143; G : 127.040046 37.636136,G : 127.040046 37.636136; G : 127.039344 37.637084,G : 127.039344 37.637084; G : 127.038541 37.637981,G : 127.038541 37.637981; G : 127.037643 37.638818,G : 127.037643 37.638818; G : 127.037255 37.639137,I : 127.037255 37.639137; I : 127.026717 37.629316,J : 127.026717 37.629316; J : 127.026717 37.629316,K : 127.026717 37.629316; K : 127.026534 37.629862,,,,,,,,,,,,,,,,,,,,,,,,,,,,
4-13,UAM0006,6인승,6,용산,1,1,07:50:14,성수,2,4,08:04:29,07:50:20,07:51:20,07:56:20,07:57:20,08:04:29,08:05:29,08:10:29,08:16:29,A : 126.958453 37.528320; A : 126.958531 37.528069,B : 126.958531 37.528069; B : 126.958531 37.528069,C : 126.958531 37.528069; C : 126.973274 37.524782,E : 126.973274 37.524782; E : 126.972745 37.523765,E : 126.972745 37.523765; E : 126.972107 37.522789,E : 126.972107 37.522789; E : 126.971365 37.521861,E : 126.971365 37.521861; E : 126.970524 37.520988,E : 126.970524 37.520988; E : 126.969590 37.520176,E : 126.969590 37.520176; E : 126.968572 37.519433,E : 126.968572 37.519433; E : 126.967476 37.518763,E : 126.967476 37.518763; E : 126.966311 37.518172,E : 126.966311 37.518172; E : 126.965085 37.517664,E : 126.965085 37.517664; E : 126.963809 37.517242,E : 126.963809 37.517242; E : 126.962491 37.516912,E : 126.962491 37.516912; E : 126.961143 37.516673,E : 126.961143 37.516673; E : 126.959773 37.516530,E : 126.959773 37.516530; E : 126.958393 37.516482,E : 126.958393 37.516482; E : 126.957013 37.516530,E : 126.957013 37.516530; E : 126.955643 37.516673,F : 126.955643 37.516673 R-2000; F : 126.954812 37.516808 R-2000,F : 126.954812 37.516808 L-2000; F : 126.952427 37.508624 L-2000,F : 126.952427 37.508624 L-2000; F : 126.983869 37.497722 L-2000,F : 126.983869 37.497722 R-2000; F : 127.015985 37.509435 R-2000,G : 127.015985 37.509435; G : 127.032590 37.528559,G : 127.032590 37.528559; G : 127.031489 37.529223,G : 127.031489 37.529223; G : 127.030465 37.529962,G : 127.030465 37.529962; G : 127.030402 37.530013,I : 127.030402 37.530013; I : 127.042051 37.540034,J : 127.042051 37.540034; J : 127.042051 37.540034,K : 127.042051 37.540034; K : 127.042091 37.539224,,,,,,,,,,,,,,,,,,,,,,,,,,,,,,,,,,,,,,,,,,,,,,,,,,,,,,,,,,,,,,,,,,,,,,,,,,,
4-14,UAM0095,6인승,6,용산,1,3,07:56:39,천호·길동,2,5,08:14:41,07:55:39,07:56:39,08:01:39,08:02:39,08:14:41,08:15:41,08:20:41,08:26:41,A : 126.958361 37.528616; A : 126.958531 37.528069,B : 126.958531 37.528069; B : 126.958531 37.528069,C : 126.958531 37.528069; C : 126.973274 37.524782,E : 126.973274 37.524782; E : 126.972745 37.523765,E : 126.972745 37.523765; E : 126.972107 37.522789,E : 126.972107 37.522789; E : 126.971365 37.521861,E : 126.971365 37.521861; E : 126.970524 37.520988,E : 126.970524 37.520988; E : 126.969590 37.520176,E : 126.969590 37.520176; E : 126.968572 37.519433,E : 126.968572 37.519433; E : 126.967476 37.518763,E : 126.967476 37.518763; E : 126.966311 37.518172,E : 126.966311 37.518172; E : 126.965085 37.517664,E : 126.965085 37.517664; E : 126.963809 37.517242,E : 126.963809 37.517242; E : 126.962491 37.516912,E : 126.962491 37.516912; E : 126.961143 37.516673,E : 126.961143 37.516673; E : 126.959773 37.516530,E : 126.959773 37.516530; E : 126.958393 37.516482,E : 126.958393 37.516482; E : 126.957013 37.516530,E : 126.957013 37.516530; E : 126.955643 37.516673,F : 126.955643 37.516673 R-2000; F : 126.954812 37.516808 R-2000,F : 126.954812 37.516808 L-2000; F : 126.952427 37.508624 L-2000,F : 126.952427 37.508624 L-2000; F : 126.983869 37.497722 L-2000,F : 126.983869 37.497722 R-2000; F : 127.015985 37.509435 R-2000,F : 127.015985 37.509435 R-2000; F : 127.034307 37.535385 R-2000,F : 127.034307 37.535385 L-2000; F : 127.064063 37.526465 L-2000,F : 127.064063 37.526465 L-2000; F : 127.091213 37.524302 L-2000,G : 127.091213 37.524302; G : 127.107781 37.537051,G : 127.107781 37.537051; G : 127.108783 37.536294,G : 127.108783 37.536294; G : 127.109865 37.535609,G : 127.109865 37.535609; G : 127.111017 37.535002,G : 127.111017 37.535002; G : 127.112232 37.534477,G : 127.112232 37.534477; G : 127.113499 37.534038,G : 127.113499 37.534038; G : 127.114810 37.533689,G : 127.114810 37.533689; G : 127.116153 37.533433,G : 127.116153 37.533433; G : 127.117520 37.533270,G : 127.117520 37.533270; G : 127.118899 37.533203,G : 127.118899 37.533203; G : 127.120280 37.533232,G : 127.120280 37.533232; G : 127.121653 37.533357,G : 127.121653 37.533357; G : 127.123007 37.533577,G : 127.123007 37.533577; G : 127.123271 37.533631,I : 127.123271 37.533631; I : 127.119049 37.544743,J : 127.119049 37.544743; J : 127.119049 37.544743,K : 127.119049 37.544743; K : 127.119171 37.544981,,,,,,,,,,,,,,,,,,,,,,,,,,,,,,,,,,,,,,,,,,,,,,,,,,,,,,,,,,,,,,
4-15,UAM0116,6인승,6,용산,1,4,08:02:28,수서·문정,2,4,08:22:53,08:01:28,08:02:28,08:07:28,08:08:28,08:22:53,08:23:53,08:28:53,08:34:53,A : 126.958314 37.528766; A : 126.958531 37.528069,B : 126.958531 37.528069; B : 126.958531 37.528069,C : 126.958531 37.528069; C : 126.973274 37.524782,E : 126.973274 37.524782; E : 126.972745 37.523765,E : 126.972745 37.523765; E : 126.972107 37.522789,E : 126.972107 37.522789; E : 126.971365 37.521861,E : 126.971365 37.521861; E : 126.970524 37.520988,E : 126.970524 37.520988; E : 126.969590 37.520176,E : 126.969590 37.520176; E : 126.968572 37.519433,E : 126.968572 37.519433; E : 126.967476 37.518763,E : 126.967476 37.518763; E : 126.966311 37.518172,E : 126.966311 37.518172; E : 126.965085 37.517664,E : 126.965085 37.517664; E : 126.963809 37.517242,E : 126.963809 37.517242; E : 126.962491 37.516912,E : 126.962491 37.516912; E : 126.961143 37.516673,E : 126.961143 37.516673; E : 126.959773 37.516530,E : 126.959773 37.516530; E : 126.958393 37.516482,E : 126.958393 37.516482; E : 126.957013 37.516530,E : 126.957013 37.516530; E : 126.955643 37.516673,F : 126.955643 37.516673 R-2000; F : 126.954812 37.516808 R-2000,F : 126.954812 37.516808 L-2000; F : 126.952427 37.508624 L-2000,F : 126.952427 37.508624 L-2000; F : 126.983869 37.497722 L-2000,F : 126.983869 37.497722 R-2000; F : 127.015985 37.509435 R-2000,F : 127.015985 37.509435 R-2000; F : 127.034307 37.535385 R-2000,F : 127.034307 37.535385 L-2000; F : 127.064063 37.526465 L-2000,F : 127.064063 37.526465 L-2000; F : 127.091213 37.524302 L-2000,G : 127.091213 37.524302; G : 127.094536 37.511338,G : 127.094536 37.511338; G : 127.091951 37.510823,G : 127.091951 37.510823; G : 127.089433 37.510131,G : 127.089433 37.510131; G : 127.087000 37.509267,G : 127.087000 37.509267; G : 127.084671 37.508236,G : 127.084671 37.508236; G : 127.082463 37.507049,G : 127.082463 37.507049; G : 127.080394 37.505712,G : 127.080394 37.505712; G : 127.078479 37.504237,G : 127.078479 37.504237; G : 127.076732 37.502634,G : 127.076732 37.502634; G : 127.075168 37.500916,G : 127.075168 37.500916; G : 127.073797 37.499096,G : 127.073797 37.499096; G : 127.072631 37.497188,G : 127.072631 37.497188; G : 127.071678 37.495206,G : 127.071678 37.495206; G : 127.070946 37.493166,G : 127.070946 37.493166; G : 127.070439 37.491082,G : 127.070439 37.491082; G : 127.070163 37.488971,G : 127.070163 37.488971; G : 127.070118 37.486849,G : 127.070118 37.486849; G : 127.070305 37.484732,G : 127.070305 37.484732; G : 127.070724 37.482636,G : 127.070724 37.482636; G : 127.071369 37.480577,G : 127.071369 37.480577; G : 127.072238 37.478571,G : 127.072238 37.478571; G : 127.073323 37.476633,G : 127.073323 37.476633; G : 127.074615 37.474777,G : 127.074615 37.474777; G : 127.076106 37.473019,G : 127.076106 37.473019; G : 127.077783 37.471370,G : 127.077783 37.471370; G : 127.079634 37.469844,G : 127.079634 37.469844; G : 127.081644 37.468453,G : 127.081644 37.468453; G : 127.083799 37.467207,G : 127.083799 37.467207; G : 127.086082 37.466115,G : 127.086082 37.466115; G : 127.088476 37.465185,G : 127.088476 37.465185; G : 127.090962 37.464426,G : 127.090962 37.464426; G : 127.093522 37.463843,G : 127.093522 37.463843; G : 127.096136 37.463439,G : 127.096136 37.463439; G : 127.098784 37.463218,G : 127.098784 37.463218; G : 127.101446 37.463183,G : 127.101446 37.463183; G : 127.104102 37.463332,G : 127.104102 37.463332; G : 127.106731 37.463665,G : 127.106731 37.463665; G : 127.109314 37.464180,G : 127.109314 37.464180; G : 127.111831 37.464872,G : 127.111831 37.464872; G : 127.114262 37.465737,G : 127.114262 37.465737; G : 127.116590 37.466767,G : 127.116590 37.466767; G : 127.118797 37.467955,G : 127.118797 37.467955; G : 127.120865 37.469292,G : 127.120865 37.469292; G : 127.122779 37.470767,G : 127.122779 37.470767; G : 127.124525 37.472370,G : 127.124525 37.472370; G : 127.126088 37.474087,G : 127.126088 37.474087; G : 127.127458 37.475907,G : 127.127458 37.475907; G : 127.128624 37.477815,G : 127.128624 37.477815; G : 127.129577 37.479797,G : 127.129577 37.479797; G : 127.130309 37.481838,G : 127.130309 37.481838; G : 127.130816 37.483921,G : 127.130816 37.483921; G : 127.131092 37.486032,G : 127.131092 37.486032; G : 127.131137 37.488154,G : 127.131137 37.488154; G : 127.130950 37.490271,G : 127.130950 37.490271; G : 127.130531 37.492367,G : 127.130531 37.492367; G : 127.129885 37.494426,G : 127.129885 37.494426; G : 127.129016 37.496432,G : 127.129016 37.496432; G : 127.127932 37.498371,G : 127.127932 37.498371; G : 127.126639 37.500226,G : 127.126639 37.500226; G : 127.125148 37.501985,G : 127.125148 37.501985; G : 127.123470 37.503633,G : 127.123470 37.503633; G : 127.121618 37.505159,G : 127.121618 37.505159; G : 127.119607 37.506551,G : 127.119607 37.506551; G : 127.117451 37.507797,H : 127.117451 37.507797; H : 127.115881 37.508570,I : 127.115881 37.508570; I : 127.099527 37.488115,J : 127.099527 37.488115; J : 127.099527 37.488115,K : 127.099527 37.488115; K : 127.100510 37.487909,,,,,,,,,,,
4-16,UAM0031,6인승,6,용산,1,2,08:08:26,가산·대림,2,4,08:32:09,08:13:56,08:14:56,08:19:56,08:20:56,08:32:09,08:33:09,08:38:09,08:44:09,A : 126.958407 37.528468; A : 126.958531 37.528069,B : 126.958531 37.528069; B : 126.958531 37.528069,C : 126.958531 37.528069; C : 126.973274 37.524782,E : 126.973274 37.524782; E : 126.972745 37.523765,E : 126.972745 37.523765; E : 126.972107 37.522789,E : 126.972107 37.522789; E : 126.971365 37.521861,E : 126.971365 37.521861; E : 126.970524 37.520988,E : 126.970524 37.520988; E : 126.969590 37.520176,E : 126.969590 37.520176; E : 126.968572 37.519433,E : 126.968572 37.519433; E : 126.967476 37.518763,E : 126.967476 37.518763; E : 126.966311 37.518172,E : 126.966311 37.518172; E : 126.965085 37.517664,E : 126.965085 37.517664; E : 126.963809 37.517242,E : 126.963809 37.517242; E : 126.962491 37.516912,E : 126.962491 37.516912; E : 126.961143 37.516673,E : 126.961143 37.516673; E : 126.959773 37.516530,E : 126.959773 37.516530; E : 126.958393 37.516482,E : 126.958393 37.516482; E : 126.957013 37.516530,E : 126.957013 37.516530; E : 126.955643 37.516673,E : 126.955643 37.516673; E : 126.954294 37.516912,E : 126.954294 37.516912; E : 126.952977 37.517242,E : 126.952977 37.517242; E : 126.951700 37.517664,E : 126.951700 37.517664; E : 126.950475 37.518172,E : 126.950475 37.518172; E : 126.949310 37.518763,E : 126.949310 37.518763; E : 126.948214 37.519433,E : 126.948214 37.519433; E : 126.947195 37.520176,E : 126.947195 37.520176; E : 126.946262 37.520988,E : 126.946262 37.520988; E : 126.945421 37.521861,E : 126.945421 37.521861; E : 126.944678 37.522789,E : 126.944678 37.522789; E : 126.944040 37.523765,E : 126.944040 37.523765; E : 126.943512 37.524782,E : 126.943512 37.524782; E : 126.943096 37.525831,E : 126.943096 37.525831; E : 126.942797 37.526906,E : 126.942797 37.526906; E : 126.942617 37.527997,E : 126.942617 37.527997; E : 126.942557 37.529096,E : 126.942557 37.529096; E : 126.942617 37.530195,E : 126.942617 37.530195; E : 126.942797 37.531286,E : 126.942797 37.531286; E : 126.943096 37.532361,F : 126.943096 37.532361 R-2000; F : 126.943229 37.532731 R-2000,F : 126.943229 37.532731 R-2000; F : 126.925389 37.537006 R-2000,F : 126.925389 37.537006 R-2000; F : 126.902987 37.542413 R-2000,F : 126.902987 37.542413 L-2000; F : 126.908192 37.516013 L-2000,G : 126.908192 37.516013; G : 126.898836 37.507466,G : 126.898836 37.507466; G : 126.900766 37.506003,G : 126.900766 37.506003; G : 126.902528 37.504411,G : 126.902528 37.504411; G : 126.904109 37.502703,G : 126.904109 37.502703; G : 126.905497 37.500892,G : 126.905497 37.500892; G : 126.906682 37.498991,G : 126.906682 37.498991; G : 126.907655 37.497015,G : 126.907655 37.497015; G : 126.908407 37.494979,G : 126.908407 37.494979; G : 126.908934 37.492899,G : 126.908934 37.492899; G : 126.909232 37.490790,G : 126.909232 37.490790; G : 126.909297 37.488668,G : 126.909297 37.488668; G : 126.909131 37.486550,G : 126.909131 37.486550; G : 126.908733 37.484452,G : 126.908733 37.484452; G : 126.908107 37.482389,G : 126.908107 37.482389; G : 126.907258 37.480377,G : 126.907258 37.480377; G : 126.906193 37.478432,G : 126.906193 37.478432; G : 126.904918 37.476569,G : 126.904918 37.476569; G : 126.903445 37.474801,G : 126.903445 37.474801; G : 126.901784 37.473142,G : 126.901784 37.473142; G : 126.899948 37.471604,G : 126.899948 37.471604; G : 126.897951 37.470201,G : 126.897951 37.470201; G : 126.895809 37.468941,G : 126.895809 37.468941; G : 126.893536 37.467835,G : 126.893536 37.467835; G : 126.891151 37.466891,G : 126.891151 37.466891; G : 126.888673 37.466116,G : 126.888673 37.466116; G : 126.886119 37.465516,G : 126.886119 37.465516; G : 126.883509 37.465096,G : 126.883509 37.465096; G : 126.880863 37.464859,G : 126.880863 37.464859; G : 126.878201 37.464807,G : 126.878201 37.464807; G : 126.875544 37.464940,G : 126.875544 37.464940; G : 126.872912 37.465257,G : 126.872912 37.465257; G : 126.870324 37.465756,G : 126.870324 37.465756; G : 126.867800 37.466432,G : 126.867800 37.466432; G : 126.865360 37.467281,G : 126.865360 37.467281; G : 126.863022 37.468297,G : 126.863022 37.468297; G : 126.860804 37.469471,G : 126.860804 37.469471; G : 126.858723 37.470795,G : 126.858723 37.470795; G : 126.856794 37.472258,G : 126.856794 37.472258; G : 126.855033 37.473850,G : 126.855033 37.473850; G : 126.853452 37.475558,G : 126.853452 37.475558; G : 126.852065 37.477369,G : 126.852065 37.477369; G : 126.850880 37.479270,G : 126.850880 37.479270; G : 126.849908 37.481246,G : 126.849908 37.481246; G : 126.849156 37.483282,G : 126.849156 37.483282; G : 126.848629 37.485362,G : 126.848629 37.485362; G : 126.848331 37.487471,G : 126.848331 37.487471; G : 126.848266 37.489593,G : 126.848266 37.489593; G : 126.848432 37.491711,G : 126.848432 37.491711; G : 126.848830 37.493810,G : 126.848830 37.493810; G : 126.849456 37.495872,G : 126.849456 37.495872; G : 126.850305 37.497884,G : 126.850305 37.497884; G : 126.851371 37.499829,G : 126.851371 37.499829; G : 126.852646 37.501693,G : 126.852646 37.501693; G : 126.854119 37.503461,G : 126.854119 37.503461; G : 126.855781 37.505119,G : 126.855781 37.505119; G : 126.857617 37.506657,G : 126.857617 37.506657; G : 126.859615 37.508060,G : 126.859615 37.508060; G : 126.861759 37.509320,G : 126.861759 37.509320; G : 126.864033 37.510426,H : 126.864033 37.510426; H : 126.865891 37.511179,I : 126.865891 37.511179; I : 126.879164 37.488096,J : 126.879164 37.488096; J : 126.879164 37.488096,K : 126.879164 37.488096; K : 126.878650 37.488795
4-17,UAM0070,6인승,6,용산,1,1,08:08:32,망우,2,4,08:33:55,08:08:02,08:09:02,08:20:56,08:21:56,08:33:55,08:34:55,08:39:55,08:45:55,A : 126.958453 37.528320; A : 126.958531 37.528069,B : 126.958531 37.528069; B : 126.958531 37.528069,C : 126.958531 37.528069; C : 126.973274 37.524782,E : 126.973274 37.524782; E : 126.972745 37.523765,E : 126.972745 37.523765; E : 126.972107 37.522789,E : 126.972107 37.522789; E : 126.971365 37.521861,E : 126.971365 37.521861; E : 126.970524 37.520988,E : 126.970524 37.520988; E : 126.969590 37.520176,E : 126.969590 37.520176; E : 126.968572 37.519433,E : 126.968572 37.519433; E : 126.967476 37.518763,E : 126.967476 37.518763; E : 126.966311 37.518172,E : 126.966311 37.518172; E : 126.965085 37.517664,E : 126.965085 37.517664; E : 126.963809 37.517242,E : 126.963809 37.517242; E : 126.962491 37.516912,E : 126.962491 37.516912; E : 126.961143 37.516673,E : 126.961143 37.516673; E : 126.959773 37.516530,E : 126.959773 37.516530; E : 126.958393 37.516482,E : 126.958393 37.516482; E : 126.957013 37.516530,E : 126.957013 37.516530; E : 126.955643 37.516673,F : 126.955643 37.516673 R-2000; F : 126.954812 37.516808 R-2000,F : 126.954812 37.516808 L-2000; F : 126.952427 37.508624 L-2000,F : 126.952427 37.508624 L-2000; F : 126.983869 37.497722 L-2000,F : 126.983869 37.497722 R-2000; F : 127.015985 37.509435 R-2000,F : 127.015985 37.509435 R-2000; F : 127.034307 37.535385 R-2000,F : 127.034307 37.535385 R-2000; F : 127.038267 37.562055 R-2000,F : 127.038267 37.562055 R-2000; F : 127.049106 37.581407 R-2000,G : 127.049106 37.581407; G : 127.057959 37.585270,G : 127.057959 37.585270; G : 127.056780 37.587174,G : 127.056780 37.587174; G : 127.055814 37.589152,G : 127.055814 37.589152; G : 127.055068 37.591190,G : 127.055068 37.591190; G : 127.054548 37.593271,G : 127.054548 37.593271; G : 127.054258 37.595381,G : 127.054258 37.595381; G : 127.054201 37.597503,G : 127.054201 37.597503; G : 127.054376 37.599620,G : 127.054376 37.599620; G : 127.054782 37.601718,G : 127.054782 37.601718; G : 127.055417 37.603779,G : 127.055417 37.603779; G : 127.056275 37.605789,G : 127.056275 37.605789; G : 127.057349 37.607731,G : 127.057349 37.607731; G : 127.058633 37.609592,G : 127.058633 37.609592; G : 127.060115 37.611356,G : 127.060115 37.611356; G : 127.061786 37.613011,G : 127.061786 37.613011; G : 127.063631 37.614544,G : 127.063631 37.614544; G : 127.065637 37.615943,G : 127.065637 37.615943; G : 127.067789 37.617197,G : 127.067789 37.617197; G : 127.070070 37.618298,G : 127.070070 37.618298; G : 127.072463 37.619236,G : 127.072463 37.619236; G : 127.074949 37.620005,G : 127.074949 37.620005; G : 127.077511 37.620598,G : 127.077511 37.620598; G : 127.080128 37.621012,G : 127.080128 37.621012; G : 127.082780 37.621242,G : 127.082780 37.621242; G : 127.085447 37.621288,G : 127.085447 37.621288; G : 127.088110 37.621149,G : 127.088110 37.621149; G : 127.090747 37.620826,G : 127.090747 37.620826; G : 127.093338 37.620321,G : 127.093338 37.620321; G : 127.095864 37.619638,G : 127.095864 37.619638; G : 127.098306 37.618783,G : 127.098306 37.618783; G : 127.100645 37.617762,G : 127.100645 37.617762; G : 127.102863 37.616583,G : 127.102863 37.616583; G : 127.104943 37.615254,G : 127.104943 37.615254; G : 127.106870 37.613786,G : 127.106870 37.613786; G : 127.108628 37.612190,G : 127.108628 37.612190; G : 127.110205 37.610478,G : 127.110205 37.610478; G : 127.111589 37.608664,G : 127.111589 37.608664; G : 127.112768 37.606760,G : 127.112768 37.606760; G : 127.113734 37.604782,G : 127.113734 37.604782; G : 127.114480 37.602744,G : 127.114480 37.602744; G : 127.115000 37.600663,G : 127.115000 37.600663; G : 127.115290 37.598553,G : 127.115290 37.598553; G : 127.115348 37.596431,G : 127.115348 37.596431; G : 127.115173 37.594313,G : 127.115173 37.594313; G : 127.114766 37.592216,G : 127.114766 37.592216; G : 127.114132 37.590155,G : 127.114132 37.590155; G : 127.113274 37.588145,G : 127.113274 37.588145; G : 127.112200 37.586203,G : 127.112200 37.586203; G : 127.110916 37.584342,G : 127.110916 37.584342; G : 127.109434 37.582578,G : 127.109434 37.582578; G : 127.107765 37.580923,G : 127.107765 37.580923; G : 127.105920 37.579390,G : 127.105920 37.579390; G : 127.103915 37.577991,G : 127.103915 37.577991; G : 127.101765 37.576737,G : 127.101765 37.576737; G : 127.099485 37.575636,G : 127.099485 37.575636; G : 127.097093 37.574698,G : 127.097093 37.574698; G : 127.094608 37.573929,G : 127.094608 37.573929; G : 127.092048 37.573336,G : 127.092048 37.573336; G : 127.089433 37.572922,G : 127.089433 37.572922; G : 127.086782 37.572691,G : 127.086782 37.572691; G : 127.084117 37.572645,G : 127.084117 37.572645; G : 127.081456 37.572785,G : 127.081456 37.572785; G : 127.078821 37.573108,G : 127.078821 37.573108; G : 127.076231 37.573613,G : 127.076231 37.573613; G : 127.073706 37.574295,G : 127.073706 37.574295; G : 127.071266 37.575151,G : 127.071266 37.575151; G : 127.068929 37.576172,G : 127.068929 37.576172; G : 127.066712 37.577351,G : 127.066712 37.577351; G : 127.064633 37.578680,H : 127.064633 37.578680; H : 127.063178 37.579765,I : 127.063178 37.579765; I : 127.086147 37.597467,J : 127.086147 37.597467; J : 127.086147 37.597467,K : 127.086147 37.597467; K : 127.085405 37.596911,,,,,,
4-18,UAM0132,6인승,6,용산,1,2,08:09:27,잠실,2,4,08:34:02,08:15:26,08:16:26,08:21:56,08:22:56,08:34:02,08:35:02,08:40:02,08:46:02,A : 126.958407 37.528468; A : 126.958531 37.528069,B : 126.958531 37.528069; B : 126.958531 37.528069,C : 126.958531 37.528069; C : 126.973274 37.524782,E : 126.973274 37.524782; E : 126.972745 37.523765,E : 126.972745 37.523765; E : 126.972107 37.522789,E : 126.972107 37.522789; E : 126.971365 37.521861,E : 126.971365 37.521861; E : 126.970524 37.520988,E : 126.970524 37.520988; E : 126.969590 37.520176,E : 126.969590 37.520176; E : 126.968572 37.519433,E : 126.968572 37.519433; E : 126.967476 37.518763,E : 126.967476 37.518763; E : 126.966311 37.518172,E : 126.966311 37.518172; E : 126.965085 37.517664,E : 126.965085 37.517664; E : 126.963809 37.517242,E : 126.963809 37.517242; E : 126.962491 37.516912,E : 126.962491 37.516912; E : 126.961143 37.516673,E : 126.961143 37.516673; E : 126.959773 37.516530,E : 126.959773 37.516530; E : 126.958393 37.516482,E : 126.958393 37.516482; E : 126.957013 37.516530,E : 126.957013 37.516530; E : 126.955643 37.516673,F : 126.955643 37.516673 R-2000; F : 126.954812 37.516808 R-2000,F : 126.954812 37.516808 L-2000; F : 126.952427 37.508624 L-2000,F : 126.952427 37.508624 L-2000; F : 126.983869 37.497722 L-2000,F : 126.983869 37.497722 R-2000; F : 127.015985 37.509435 R-2000,F : 127.015985 37.509435 R-2000; F : 127.034307 37.535385 R-2000,F : 127.034307 37.535385 L-2000; F : 127.064063 37.526465 L-2000,F : 127.064063 37.526465 R-2000; F : 127.069195 37.540230 R-2000,G : 127.069195 37.540230; G : 127.069028 37.524114,G : 127.069028 37.524114; G : 127.068042 37.524086,G : 127.068042 37.524086; G : 127.067062 37.523990,G : 127.067062 37.523990; G : 127.066097 37.523826,G : 127.066097 37.523826; G : 127.065153 37.523596,G : 127.065153 37.523596; G : 127.064239 37.523301,G : 127.064239 37.523301; G : 127.063359 37.522944,G : 127.063359 37.522944; G : 127.062523 37.522527,G : 127.062523 37.522527; G : 127.061735 37.522054,G : 127.061735 37.522054; G : 127.061002 37.521527,G : 127.061002 37.521527; G : 127.060329 37.520952,G : 127.060329 37.520952; G : 127.059722 37.520333,G : 127.059722 37.520333; G : 127.059185 37.519673,G : 127.059185 37.519673; G : 127.058722 37.518979,G : 127.058722 37.518979; G : 127.058337 37.518255,G : 127.058337 37.518255; G : 127.058032 37.517508,G : 127.058032 37.517508; G : 127.057811 37.516742,G : 127.057811 37.516742; G : 127.057674 37.515963,G : 127.057674 37.515963; G : 127.057623 37.515178,G : 127.057623 37.515178; G : 127.057658 37.514393,G : 127.057658 37.514393; G : 127.057778 37.513613,G : 127.057778 37.513613; G : 127.057984 37.512844,G : 127.057984 37.512844; G : 127.058273 37.512092,G : 127.058273 37.512092; G : 127.058643 37.511364,G : 127.058643 37.511364; G : 127.059091 37.510663,G : 127.059091 37.510663; G : 127.059614 37.509997,G : 127.059614 37.509997; G : 127.060209 37.509369,G : 127.060209 37.509369; G : 127.060869 37.508786,G : 127.060869 37.508786; G : 127.061591 37.508250,G : 127.061591 37.508250; G : 127.062369 37.507766,G : 127.062369 37.507766; G : 127.063197 37.507338,G : 127.063197 37.507338; G : 127.064068 37.506970,G : 127.064068 37.506970; G : 127.064976 37.506663,G : 127.064976 37.506663; G : 127.065915 37.506420,G : 127.065915 37.506420; G : 127.066876 37.506244,G : 127.066876 37.506244; G : 127.067853 37.506135,G : 127.067853 37.506135; G : 127.068839 37.506094,G : 127.068839 37.506094; G : 127.069825 37.506122,G : 127.069825 37.506122; G : 127.070804 37.506218,G : 127.070804 37.506218; G : 127.071769 37.506382,G : 127.071769 37.506382; G : 127.072712 37.506612,G : 127.072712 37.506612; G : 127.073627 37.506907,G : 127.073627 37.506907; G : 127.074506 37.507264,G : 127.074506 37.507264; G : 127.075342 37.507681,G : 127.075342 37.507681; G : 127.076130 37.508154,G : 127.076130 37.508154; G : 127.076863 37.508680,G : 127.076863 37.508680; G : 127.077536 37.509255,G : 127.077536 37.509255; G : 127.078143 37.509875,G : 127.078143 37.509875; G : 127.078680 37.510534,G : 127.078680 37.510534; G : 127.079143 37.511229,G : 127.079143 37.511229; G : 127.079528 37.511952,G : 127.079528 37.511952; G : 127.079832 37.512700,G : 127.079832 37.512700; G : 127.080054 37.513466,G : 127.080054 37.513466; G : 127.080191 37.514244,G : 127.080191 37.514244; G : 127.080242 37.515029,G : 127.080242 37.515029; G : 127.080207 37.515815,G : 127.080207 37.515815; G : 127.080086 37.516595,G : 127.080086 37.516595; G : 127.079881 37.517364,G : 127.079881 37.517364; G : 127.079592 37.518115,G : 127.079592 37.518115; G : 127.079222 37.518844,G : 127.079222 37.518844; G : 127.078773 37.519544,G : 127.078773 37.519544; G : 127.078250 37.520211,G : 127.078250 37.520211; G : 127.077656 37.520838,G : 127.077656 37.520838; G : 127.076995 37.521422,G : 127.076995 37.521422; G : 127.076929 37.521475,I : 127.076929 37.521475; I : 127.069388 37.514097,J : 127.069388 37.514097; J : 127.069388 37.514097,K : 127.069388 37.514097; K : 127.068815 37.514767,,,,,,,,,,,
4-19,UAM0186,6인승,6,용산,1,1,08:10:46,목동,2,5,08:38:44,08:09:46,08:10:46,08:22:56,08:23:56,08:38:44,08:39:44,08:44:44,08:50:44,A : 126.958453 37.528320; A : 126.958531 37.528069,B : 126.958531 37.528069; B : 126.958531 37.528069,C : 126.958531 37.528069; C : 126.973274 37.524782,E : 126.973274 37.524782; E : 126.972745 37.523765,E : 126.972745 37.523765; E : 126.972107 37.522789,E : 126.972107 37.522789; E : 126.971365 37.521861,E : 126.971365 37.521861; E : 126.970524 37.520988,E : 126.970524 37.520988; E : 126.969590 37.520176,E : 126.969590 37.520176; E : 126.968572 37.519433,E : 126.968572 37.519433; E : 126.967476 37.518763,E : 126.967476 37.518763; E : 126.966311 37.518172,E : 126.966311 37.518172; E : 126.965085 37.517664,E : 126.965085 37.517664; E : 126.963809 37.517242,E : 126.963809 37.517242; E : 126.962491 37.516912,E : 126.962491 37.516912; E : 126.961143 37.516673,E : 126.961143 37.516673; E : 126.959773 37.516530,E : 126.959773 37.516530; E : 126.958393 37.516482,E : 126.958393 37.516482; E : 126.957013 37.516530,E : 126.957013 37.516530; E : 126.955643 37.516673,E : 126.955643 37.516673; E : 126.954294 37.516912,E : 126.954294 37.516912; E : 126.952977 37.517242,E : 126.952977 37.517242; E : 126.951700 37.517664,E : 126.951700 37.517664; E : 126.950475 37.518172,E : 126.950475 37.518172; E : 126.949310 37.518763,E : 126.949310 37.518763; E : 126.948214 37.519433,E : 126.948214 37.519433; E : 126.947195 37.520176,E : 126.947195 37.520176; E : 126.946262 37.520988,E : 126.946262 37.520988; E : 126.945421 37.521861,E : 126.945421 37.521861; E : 126.944678 37.522789,E : 126.944678 37.522789; E : 126.944040 37.523765,E : 126.944040 37.523765; E : 126.943512 37.524782,E : 126.943512 37.524782; E : 126.943096 37.525831,E : 126.943096 37.525831; E : 126.942797 37.526906,E : 126.942797 37.526906; E : 126.942617 37.527997,E : 126.942617 37.527997; E : 126.942557 37.529096,E : 126.942557 37.529096; E : 126.942617 37.530195,E : 126.942617 37.530195; E : 126.942797 37.531286,E : 126.942797 37.531286; E : 126.943096 37.532361,F : 126.943096 37.532361 R-2000; F : 126.943229 37.532731 R-2000,F : 126.943229 37.532731 R-2000; F : 126.925389 37.537006 R-2000,F : 126.925389 37.537006 R-2000; F : 126.902987 37.542413 R-2000,F : 126.902987 37.542413 R-2000; F : 126.892011 37.552684 R-2000,G : 126.892011 37.552684; G : 126.881112 37.534516,G : 126.881112 37.534516; G : 126.881984 37.534147,G : 126.881984 37.534147; G : 126.882811 37.533718,G : 126.882811 37.533718; G : 126.883589 37.533234,G : 126.883589 37.533234; G : 126.884310 37.532697,G : 126.884310 37.532697; G : 126.884970 37.532113,G : 126.884970 37.532113; G : 126.885564 37.531485,G : 126.885564 37.531485; G : 126.886086 37.530818,G : 126.886086 37.530818; G : 126.886534 37.530118,G : 126.886534 37.530118; G : 126.886903 37.529389,G : 126.886903 37.529389; G : 126.887191 37.528637,G : 126.887191 37.528637; G : 126.887396 37.527868,G : 126.887396 37.527868; G : 126.887516 37.527088,G : 126.887516 37.527088; G : 126.887550 37.526302,G : 126.887550 37.526302; G : 126.887497 37.525517,G : 126.887497 37.525517; G : 126.887360 37.524739,G : 126.887360 37.524739; G : 126.887137 37.523973,G : 126.887137 37.523973; G : 126.886832 37.523226,G : 126.886832 37.523226; G : 126.886445 37.522502,G : 126.886445 37.522502; G : 126.885982 37.521808,G : 126.885982 37.521808; G : 126.885444 37.521149,G : 126.885444 37.521149; G : 126.884836 37.520530,G : 126.884836 37.520530; G : 126.884162 37.519956,G : 126.884162 37.519956; G : 126.883429 37.519430,G : 126.883429 37.519430; G : 126.882640 37.518957,G : 126.882640 37.518957; G : 126.881803 37.518541,G : 126.881803 37.518541; G : 126.880924 37.518185,G : 126.880924 37.518185; G : 126.880009 37.517891,G : 126.880009 37.517891; G : 126.879065 37.517661,G : 126.879065 37.517661; G : 126.878099 37.517498,G : 126.878099 37.517498; G : 126.877120 37.517403,G : 126.877120 37.517403; G : 126.876134 37.517376,G : 126.876134 37.517376; G : 126.875148 37.517417,G : 126.875148 37.517417; G : 126.874171 37.517527,G : 126.874171 37.517527; G : 126.873210 37.517704,G : 126.873210 37.517704; G : 126.872272 37.517948,G : 126.872272 37.517948; G : 126.871363 37.518255,G : 126.871363 37.518255; G : 126.870492 37.518624,G : 126.870492 37.518624; G : 126.869665 37.519053,G : 126.869665 37.519053; G : 126.868888 37.519537,G : 126.868888 37.519537; G : 126.868166 37.520074,G : 126.868166 37.520074; G : 126.867506 37.520658,G : 126.867506 37.520658; G : 126.866913 37.521286,G : 126.866913 37.521286; G : 126.866390 37.521953,G : 126.866390 37.521953; G : 126.865943 37.522653,G : 126.865943 37.522653; G : 126.865574 37.523382,G : 126.865574 37.523382; G : 126.865286 37.524134,G : 126.865286 37.524134; G : 126.865081 37.524903,G : 126.865081 37.524903; G : 126.864961 37.525683,G : 126.864961 37.525683; G : 126.864927 37.526386,I : 126.864927 37.526386; I : 126.877654 37.526397,J : 126.877654 37.526397; J : 126.877654 37.526397,K : 126.877654 37.526397; K : 126.877339 37.526450,,,,,,,,,,
4-20,UAM0181,6인승,6,용산,1,3,08:28:15,천호·길동,2,7,08:44:37,08:27:15,08:28:15,08:33:15,08:34:15,08:44:37,08:45:37,08:50:37,08:56:37,A : 126.958361 37.528616; A : 126.958531 37.528069,B : 126.958531 37.528069; B : 126.958531 37.528069,C : 126.958531 37.528069; C : 126.973274 37.524782,E : 126.973274 37.524782; E : 126.972745 37.523765,E : 126.972745 37.523765; E : 126.972107 37.522789,E : 126.972107 37.522789; E : 126.971365 37.521861,E : 126.971365 37.521861; E : 126.970524 37.520988,E : 126.970524 37.520988; E : 126.969590 37.520176,E : 126.969590 37.520176; E : 126.968572 37.519433,E : 126.968572 37.519433; E : 126.967476 37.518763,E : 126.967476 37.518763; E : 126.966311 37.518172,E : 126.966311 37.518172; E : 126.965085 37.517664,E : 126.965085 37.517664; E : 126.963809 37.517242,E : 126.963809 37.517242; E : 126.962491 37.516912,E : 126.962491 37.516912; E : 126.961143 37.516673,E : 126.961143 37.516673; E : 126.959773 37.516530,E : 126.959773 37.516530; E : 126.958393 37.516482,E : 126.958393 37.516482; E : 126.957013 37.516530,E : 126.957013 37.516530; E : 126.955643 37.516673,F : 126.955643 37.516673 R-2000; F : 126.954812 37.516808 R-2000,F : 126.954812 37.516808 L-2000; F : 126.952427 37.508624 L-2000,F : 126.952427 37.508624 L-2000; F : 126.983869 37.497722 L-2000,F : 126.983869 37.497722 R-2000; F : 127.015985 37.509435 R-2000,F : 127.015985 37.509435 R-2000; F : 127.034307 37.535385 R-2000,F : 127.034307 37.535385 L-2000; F : 127.064063 37.526465 L-2000,F : 127.064063 37.526465 L-2000; F : 127.091213 37.524302 L-2000,G : 127.091213 37.524302; G : 127.107781 37.537051,G : 127.107781 37.537051; G : 127.108783 37.536294,G : 127.108783 37.536294; G : 127.109865 37.535609,G : 127.109865 37.535609; G : 127.111017 37.535002,G : 127.111017 37.535002; G : 127.112232 37.534477,G : 127.112232 37.534477; G : 127.113499 37.534038,G : 127.113499 37.534038; G : 127.114810 37.533689,G : 127.114810 37.533689; G : 127.116153 37.533433,G : 127.116153 37.533433; G : 127.117520 37.533270,G : 127.117520 37.533270; G : 127.118899 37.533203,G : 127.118899 37.533203; G : 127.120280 37.533232,G : 127.120280 37.533232; G : 127.121653 37.533357,G : 127.121653 37.533357; G : 127.123007 37.533577,G : 127.123007 37.533577; G : 127.123271 37.533631,I : 127.123271 37.533631; I : 127.119049 37.544743,J : 127.119049 37.544743; J : 127.119049 37.544743,K : 127.119049 37.544743; K : 127.119304 37.545271,,,,,,,,,,,,,,,,,,,,,,,,,,,,,,,,,,,,,,,,,,,,,,,,,,,,,,,,,,,,,,
