sim_time,reg,phase,lat,lon,alt_m,x,y,z,lane
06:30:01.000,12-1,A,37.56858255517509,126.97282736379591,0.0,-482.09585366062527,213.0169620910161,0.0,-
06:30:02.000,12-1,A,37.568575665511474,126.97282009137322,0.0,-482.7375517347725,212.25000473781077,0.0,-
06:30:03.000,12-1,A,37.56856533101606,126.97280918273917,0.0,-483.7000988459934,211.0995687080028,0.0,-
06:30:04.000,12-1,A,37.568551551688834,126.97279463789377,0.0,-484.9834949942879,209.56565400159215,0.0,-
06:30:05.000,12-1,A,37.56853432752981,126.97277645683702,0.0,-486.587740179656,207.64826061857886,0.0,-
06:30:06.000,12-1,A,37.568513658538976,126.97275463956892,0.0,-488.5128344020978,205.3473885589629,0.0,-
06:30:07.000,12-1,A,37.568489544716336,126.97272918608947,0.0,-490.7587776616132,202.6630378227443,0.0,-
06:30:08.000,12-1,A,37.56846198606189,126.97270009639867,0.0,-493.32556995820215,199.595208409923,0.0,-
06:30:09.000,12-1,A,37.56843098257564,126.97266737049651,0.0,-496.2132112918648,196.14390032049909,0.0,-
06:30:10.000,12-1,A,37.56839653425758,126.972631008383,0.0,-499.42170166260104,192.30911355447248,0.0,-
06:30:10.032,12-1,A,37.5683954283839,126.97262984107189,0.0,-499.52470190385264,192.1860076958258,0.0,-
06:30:11.032,12-1,B,37.568388,126.972622,4.437807461364436,-500.21657597945244,191.3590800001512,4.437807461364436,-
06:30:11.064,12-1,C,37.568388,126.972622,4.613806461320256,-500.21657597945244,191.3590800001512,4.613806461320256,-
06:30:12.064,12-1,C,37.568388,126.972622,9.613806461320255,-500.21657597945244,191.3590800001512,9.613806461320255,-
06:30:12.093,12-1,C,37.568388,126.972622,9.758385961440045,-500.21657597945244,191.3590800001512,9.758385961440045,-
06:30:13.093,12-1,C,37.568388,126.972622,14.243885961428,-500.21657597945244,191.3590800001512,14.243885961428,-
06:30:13.125,12-1,C,37.568388,126.972622,14.387933961391326,-500.21657597945244,191.3590800001512,14.387933961391326,-
06:30:14.125,12-1,C,37.568388,126.972622,19.38943396137526,-500.21657597945244,191.3590800001512,19.38943396137526,-
06:30:14.157,12-1,C,37.568388,126.972622,19.549993961334316,-500.21657597945244,191.3590800001512,19.549993961334316,-
06:30:15.157,12-1,C,37.568388,126.972622,25.06749396131423,-500.21657597945244,191.3590800001512,25.06749396131423,-
06:30:15.189,12-1,C,37.568388,126.972622,25.244565961269014,-500.21657597945244,191.3590800001512,25.244565961269014,-
06:30:16.189,12-1,C,37.568388,126.972622,31.278065961244916,-500.21657597945244,191.3590800001512,31.278065961244916,-
06:30:16.218,12-1,C,37.568388,126.972622,31.45345796139031,-500.21657597945244,191.3590800001512,31.45345796139031,-
06:30:17.218,12-1,C,37.568388,126.972622,38.00145796137826,-500.21657597945244,191.3590800001512,38.00145796137826,-
06:30:17.250,12-1,C,37.568388,126.972622,38.211505961325024,-500.21657597945244,191.3590800001512,38.211505961325024,-
06:30:18.250,12-1,C,37.568388,126.972622,45.27550596130896,-500.21657597945244,191.3590800001512,45.27550596130896,-
06:30:18.282,12-1,C,37.568388,126.972622,45.50206596125144,-500.21657597945244,191.3590800001512,45.50206596125144,-
06:30:19.282,12-1,C,37.568388,126.972622,53.08206596123136,-500.21657597945244,191.3590800001512,53.08206596123136,-
06:30:19.314,12-1,C,37.568388,126.972622,53.32513796116957,-500.21657597945244,191.3590800001512,53.32513796116957,-
06:30:20.314,12-1,C,37.568388,126.972622,61.42113796114547,-500.21657597945244,191.3590800001512,61.42113796114547,-
06:30:20.343,12-1,C,37.568388,126.972622,61.656342461340564,-500.21657597945244,191.3590800001512,61.656342461340564,-
06:30:21.343,12-1,C,37.568388,126.972622,70.26684246132851,-500.21657597945244,191.3590800001512,70.26684246132851,-
06:30:21.375,12-1,C,37.568388,126.972622,70.54289046125871,-500.21657597945244,191.3590800001512,70.54289046125871,-
06:30:22.375,12-1,C,37.568388,126.972622,79.66939046124264,-500.21657597945244,191.3590800001512,79.66939046124264,-
06:30:22.407,12-1,C,37.568388,126.972622,79.96195046116856,-500.21657597945244,191.3590800001512,79.96195046116856,-
06:30:23.407,12-1,C,37.568388,126.972622,89.60445046114847,-500.21657597945244,191.3590800001512,89.60445046114847,-
06:30:23.407,13-1,A,37.4955328035,127.02350501989213,0.0,3989.5576321599756,-7918.881394380062,0.0,-
06:30:23.439,12-1,C,37.568388,126.972622,89.91352246107013,-500.21657597945244,191.3590800001512,89.91352246107013,-
06:30:23.439,13-1,A,37.495532664914506,127.02350508659717,0.0,3989.563518025568,-7918.896821717165,0.0,-
06:30:24.439,12-1,C,37.568388,126.972622,100.07202246104603,-500.21657597945244,191.3590800001512,100.07202246104603,-
06:30:24.439,13-1,A,37.49552413760944,127.02350919102616,0.0,3989.92568126706,-7919.846081316276,0.0,-
06:30:24.468,12-1,C,37.568388,126.972622,100.36703946129083,-500.21657597945244,191.3590800001512,100.36703946129083,-
06:30:24.468,13-1,A,37.495523886788334,127.02350931175334,0.0,3989.936333892453,-7919.874002722293,0.0,-
06:30:25.468,12-1,C,37.568388,126.972622,111.04003946127878,-500.21657597945244,191.3590800001512,111.04003946127878,-
06:30:25.468,13-1,A,37.49551104127614,127.02351549465547,0.0,3990.4818957439384,-7921.303965140061,0.0,-
06:30:25.500,12-1,C,37.568388,126.972622,111.38208746119241,-500.21657597945244,191.3590800001512,111.38208746119241,-
06:30:25.500,13-1,A,37.49551062592252,127.02351569457672,0.0,3990.4995362306418,-7921.35020230446,0.0,-
06:30:26.500,12-1,C,37.568388,126.972622,122.57108746117635,-500.21657597945244,191.3590800001512,122.57108746117635,-
06:30:26.500,13-1,A,37.49549344961366,127.02352396201168,0.0,3991.2290313819385,-7923.262269006814,0.0,-
06:30:26.532,12-1,C,37.568388,126.972622,122.9296474610857,-500.21657597945244,191.3590800001512,122.9296474610857,-
06:30:26.532,13-1,A,37.49549289567455,127.02352422863798,0.0,3991.2525577342344,-7923.323933508316,0.0,-
06:30:27.532,12-1,C,37.568388,126.972622,134.6346474610656,-500.21657597945244,191.3590800001512,134.6346474610656,-
06:30:27.532,13-1,A,37.49547138856903,127.02353458060578,0.0,3992.1659861853436,-7925.718104495256,0.0,-
06:30:27.564,12-1,C,37.568388,126.972622,135.0097194609707,-500.21657597945244,191.3590800001512,135.0097194609707,-
06:30:27.564,13-1,A,37.49547069604443,127.02353491393713,0.0,3992.195398403232,-7925.79519633386,0.0,-
06:30:28.564,12-1,C,37.56837104600035,126.97250988976809,137.16,-510.1088667426843,189.4717607593322,137.16,-
06:30:28.564,13-1,A,37.49544485814224,127.02354735043777,0.0,3993.2927601541533,-7928.671471605386,0.0,-
06:30:28.593,12-1,C,37.5683704500627,126.97250594906326,137.16,-510.4565834262162,189.405420979913,137.16,-
06:30:28.593,13-1,A,37.495444105313815,127.02354771279501,0.0,3993.3247335363376,-7928.7552764659495,0.0,-
06:30:29.593,12-1,C,37.5683507422357,126.97237562883788,137.16,-521.9556726688959,187.21154567852486,137.16,-
06:30:29.593,13-1,A,37.49541394920449,127.02356222776879,0.0,3994.605493897252,-7932.112254556133,0.0,-
06:30:29.625,12-1,C,37.568350112447185,126.97237146429042,137.16,-522.3231405959664,187.14143762107452,137.16,-
06:30:29.625,13-1,A,37.49541297991176,127.02356269431633,0.0,3994.6466607362513,-7932.220156222033,0.0,-
06:30:30.625,12-1,C,37.56833127330329,126.97224688832988,137.16,-533.3153721058316,185.04426412257462,137.16,-
06:30:30.625,13-1,A,37.495378493005774,127.02357929382295,0.0,3996.1113543969773,-7936.059238596802,0.0,-
06:30:30.657,12-1,C,37.56833067131264,126.97224290759887,137.16,-533.666620585456,184.97725052281592,137.16,-
06:30:30.657,13-1,A,37.49537738512756,127.02357982707554,0.0,3996.158407101569,-7936.182567599806,0.0,-
06:30:31.657,12-1,C,37.56831270085184,126.97212407590317,137.16,-544.1519943625065,182.9767788272042,137.16,-
06:30:31.657,13-1,A,37.49533856742491,127.02359851111498,0.0,3997.807034062108,-7940.503754259161,0.0,-
06:30:31.689,12-1,C,37.568312126659045,126.97212027898864,137.16,-544.487023394685,182.91285968513716,137.16,-
06:30:31.689,13-1,A,37.4953373209612,127.02359911107261,0.0,3997.859972632292,-7940.642510599268,0.0,-
06:30:32.689,12-1,C,37.56829502488135,126.97200719155778,137.16,-554.4655394389207,181.0090897924137,137.16,-
06:30:32.689,13-1,B,37.495296,127.023619,0.2177450812781565,3999.614915506368,-7945.242359999346,0.2177450812781565,-
06:30:32.718,12-1,C,37.56829452963771,126.97200391670341,137.16,-554.7545033546824,180.95395926995207,137.16,-
06:30:32.718,13-1,B,37.495296,127.023619,0.36641358140122904,3999.614915506368,-7945.242359999346,0.36641358140122904,-
06:30:33.718,12-1,C,37.56827829401787,126.97189655683894,137.16,-564.2276350897296,179.14661007022772,137.16,-
06:30:33.718,13-1,C,37.495296,127.023619,4.992912581385167,3999.614915506368,-7945.242359999346,4.992912581385167,-
06:30:33.750,12-1,C,37.56827777533999,126.97189312702301,137.16,-564.5302723765722,179.0888708480275,137.16,-
06:30:33.750,13-1,C,37.495296,127.023619,5.140448581347745,3999.614915506368,-7945.242359999346,5.140448581347745,-
06:30:34.750,12-1,C,37.56826240840326,126.97179151142336,137.16,-573.4965463788047,177.37822345119136,137.16,-
06:30:34.750,13-1,C,37.495296,127.023619,9.250948581335695,3999.614915506368,-7945.242359999346,9.250948581335695,-
06:30:34.782,12-1,C,37.56826191752323,126.97178826542391,137.16,-573.7829642182013,177.32357868668282,137.16,-
06:30:34.782,13-1,C,37.495296,127.023619,9.381972581302552,3999.614915506368,-7945.242359999346,9.381972581302552,-
06:30:35.782,12-1,C,37.5682474192696,126.9716923940891,137.16,-582.2423804876191,175.7096330927349,137.16,-
06:30:35.782,13-1,C,37.495296,127.023619,12.976472581294523,3999.614915506368,-7945.242359999346,12.976472581294523,-
06:30:35.814,12-1,C,37.56824695618744,126.97168933190613,137.16,-582.5125788795697,175.658082785918,137.16,-
06:30:35.814,13-1,C,37.495296,127.023619,13.092008581265134,3999.614915506368,-7945.242359999346,13.092008581265134,-
06:30:36.814,12-1,C,37.56823332661691,126.97159920483617,137.16,-590.465137416173,174.14083899485829,137.16,-
06:30:36.814,13-1,C,37.495296,127.023619,17.202508581253085,3999.614915506368,-7945.242359999346,17.202508581253085,-
06:30:36.843,12-1,C,37.568232932067275,126.97159659583227,137.16,-590.6953485641644,174.09691772935423,137.16,-
06:30:36.843,13-1,C,37.495296,127.023619,17.32213358135249,3999.614915506368,-7945.242359999346,17.32213358135249,-
06:30:37.843,12-1,C,37.568220168654605,126.97151219632867,137.16,-598.1425227915792,172.67609463129364,137.16,-
06:30:37.843,13-1,C,37.495296,127.023619,21.947133581352485,3999.614915506368,-7945.242359999346,21.947133581352485,-
06:30:37.875,12-1,C,37.568219761087356,126.9715095012443,137.16,-598.3803294381937,172.63072424434358,137.16,-
06:30:37.875,13-1,C,37.495296,127.023619,22.09564558131508,3999.614915506368,-7945.242359999346,22.09564558131508,-
06:30:38.875,12-1,C,37.56820783074479,126.9714306105106,137.16,-605.3414253437898,171.30263851028397,137.16,-
06:30:38.875,13-1,C,37.495296,127.023619,27.236645581311063,3999.614915506368,-7945.242359999346,27.236645581311063,-
06:30:38.907,12-1,C,37.56820744811188,126.97142808030739,137.16,-605.5646833413158,171.26004381462826,137.16,-
06:30:38.907,13-1,C,37.495296,127.023619,27.401669581269385,3999.614915506368,-7945.242359999346,27.401669581269385,-
06:30:39.907,12-1,C,37.568194750010925,126.97134411268487,137.16,-612.9737496014266,169.8464912165603,137.16,-
06:30:39.907,13-1,C,37.495296,127.023619,33.058669581261356,3999.614915506368,-7945.242359999346,33.058669581261356,-
06:30:39.907,11-1,A,37.545110778781535,127.11872006382129,0.0,12391.06464503725,-2399.861186039084,0.0,-
06:30:39.939,12-1,C,37.56819434280975,126.97134142002122,137.16,-613.2113426502934,169.80116158125702,137.16,-
06:30:39.939,13-1,C,37.495296,127.023619,33.2402055812154,3999.614915506368,-7945.242359999346,33.2402055812154,-
06:30:39.939,11-1,A,37.545110639379736,127.1187199998808,0.0,12391.059003108356,-2399.8767042471704,0.0,-
06:30:40.939,12-1,C,37.568180821202354,126.9712520068696,137.16,-621.1009070432889,168.29593624599644,137.16,-
06:30:40.939,13-1,C,37.495296,127.023619,39.41320558120336,3999.614915506368,-7945.242359999346,39.41320558120336,-
06:30:40.939,11-1,A,37.54510206184666,127.11871606555776,0.0,12390.711849537753,-2400.8315552294753,0.0,-
06:30:40.968,12-1,C,37.568180428367825,126.97124940920708,137.16,-621.3301174606376,168.2522059067644,137.16,-
06:30:40.968,13-1,C,37.495296,127.023619,39.59264308135246,3999.614915506368,-7945.242359999346,39.59264308135246,-
06:30:40.968,11-1,A,37.54510180954815,127.11871594983407,0.0,12390.701638404988,-2400.8596410997557,0.0,-
06:30:41.968,12-1,C,37.56816604060257,126.97115426848909,137.16,-629.7250661628216,166.65055987850468,137.16,-
06:30:41.968,13-1,C,37.495296,127.023619,46.28014308135246,3999.614915506368,-7945.242359999346,46.28014308135246,-
06:30:41.968,11-1,A,37.54508888837258,127.11871002317916,0.0,12390.178687086272,-2402.2980263639597,0.0,-
06:30:42.000,12-1,C,37.56816557933213,126.97115121828637,137.16,-629.9942074498268,166.59921125343678,137.16,-
06:30:42.000,13-1,C,37.495296,127.023619,46.49465508129849,3999.614915506368,-7945.242359999346,46.49465508129849,-
06:30:42.000,11-1,A,37.54508847057242,127.11870983154355,0.0,12390.161777700547,-2402.3445358771496,0.0,-
06:30:43.000,12-1,C,37.568150322883774,126.97105033330354,137.16,-638.8960138848256,164.90086342228884,137.16,-
06:30:43.000,13-1,C,37.495296,127.023619,53.69815508129447,3999.614915506368,-7945.242359999346,53.69815508129447,-
06:30:43.000,11-1,A,37.54507119309069,127.11870190674821,0.0,12389.46251610385,-2404.267865144176,0.0,-
06:30:43.032,12-1,C,37.56814983381548,126.97104709928435,137.16,-639.1813746192769,164.8464203395293,137.16,-
06:30:43.032,13-1,C,37.495296,127.023619,53.92917908123623,3999.614915506368,-7945.242359999346,53.92917908123623,-
06:30:43.032,11-1,A,37.545070635888735,127.11870165117212,0.0,12389.43996478923,-2404.329892865452,0.0,-
06:30:44.032,12-1,C,37.56813370868402,126.97094047003668,137.16,-648.5900387870902,163.05137070549313,137.16,-
06:30:44.032,13-1,C,37.495296,127.023619,61.648679081228195,3999.614915506368,-7945.242359999346,61.648679081228195,-
06:30:44.032,11-1,A,37.54504900210083,127.11869172823633,0.0,12388.56439291455,-2406.738166135301,0.0,-
06:30:44.064,12-1,C,37.568133191817864,126.97093705220102,137.16,-648.8916189689875,162.99383316504196,137.16,-
06:30:44.064,13-1,C,37.495296,127.023619,61.89621508116568,3999.614915506368,-7945.242359999346,61.89621508116568,-
06:30:44.064,11-1,A,37.54504830549708,127.11869140871974,0.0,12388.536199671036,-2406.815712064664,0.0,-
06:30:45.064,12-1,C,37.5681161980033,126.97082467868853,137.16,-658.8071408696155,161.10208172811758,137.16,-
06:30:45.064,13-1,C,37.495296,127.023619,70.13171508115363,3999.614915506368,-7945.242359999346,70.13171508115363,-
06:30:45.064,11-1,A,37.545022315403,127.11867948764353,0.0,12387.484317518372,-2409.708929337335,0.0,-
06:30:45.093,12-1,C,37.56811570447477,126.97082141517552,137.16,-659.0951040547343,161.04714213192796,137.16,-
06:30:45.093,13-1,C,37.495296,127.023619,70.37096508135244,3999.614915506368,-7945.242359999346,70.37096508135244,-
06:30:45.093,11-1,A,37.54502155814022,127.118679140304,0.0,12387.45366925671,-2409.7932278300827,0.0,-
06:30:46.093,12-1,C,37.568097844502354,126.97070331409664,137.16,-669.5160102645509,159.05897000200446,137.16,-
06:30:46.093,13-1,C,37.495296,127.023619,79.12096508135244,3999.614915506368,-7945.242359999346,79.12096508135244,-
06:30:46.093,11-1,A,37.54499122440366,127.1186652268959,0.0,12386.225989355937,-2413.1699793846533,0.0,-
06:30:46.093,2-1,A,37.51430654084632,127.06888467932419,0.0,7993.730830296004,-5828.9889529876755,0.0,-
06:30:46.125,12-1,C,37.568097272121285,126.97069952916237,137.16,-669.8499821917842,158.99525254168643,137.16,-
06:30:46.125,13-1,C,37.495296,127.023619,79.4014770812819,3999.614915506368,-7945.242359999346,79.4014770812819,-
06:30:46.125,11-1,A,37.54499024940155,127.11866477968418,0.0,12386.18652865559,-2413.2785166191193,0.0,-
06:30:46.125,2-1,A,37.514306393586935,127.06888470175824,0.0,7993.73280981306,-5829.005345902488,0.0,-
06:30:47.125,12-1,C,37.56807854346576,126.97057568381865,137.16,-680.7777461344153,156.91037860887474,137.16,-
06:30:47.125,13-1,C,37.495296,127.023619,88.66747708127788,3999.614915506368,-7945.242359999346,88.66747708127788,-
06:30:47.125,11-1,A,37.54495555935881,127.11864886813565,0.0,12384.782538476833,-2417.1402121765123,0.0,-
06:30:47.125,2-1,A,37.514297332568525,127.06888608214776,0.0,7993.85461149245,-5830.014018471209,0.0,-
06:30:47.157,12-1,C,37.56807794328684,126.97057171506792,137.16,-681.1279375090946,156.84356669086503,137.16,-
06:30:47.157,13-1,C,37.495296,127.023619,88.96450108120307,3999.614915506368,-7945.242359999346,88.96450108120307,-
06:30:47.157,11-1,A,37.54495444495491,127.11864835698346,0.0,12384.737435847594,-2417.2642676190644,0.0,-
06:30:47.157,2-1,A,37.514297038049754,127.06888612701586,0.0,7993.858570526564,-5830.046804300836,0.0,-
06:30:48.157,12-1,C,37.56805834594821,126.97044212545936,137.16,-692.5625591845405,154.6619909551651,137.16,-
06:30:48.157,13-1,C,37.495296,127.023619,98.74650108119503,3999.614915506368,-7945.242359999346,98.74650108119503,-
06:30:48.157,11-1,A,37.544915398606,127.11863044729449,0.0,12383.157135390853,-2421.61090717928,0.0,-
06:30:48.157,2-1,A,37.51428337517555,127.06888820846935,0.0,7994.04223211399,-5831.567755457606,0.0,-
06:30:48.189,12-1,C,37.56805771797143,126.97043797289214,137.16,-692.9289700066658,154.59208457946377,137.16,-
06:30:48.189,13-1,C,37.495296,127.023619,99.06003708111595,3999.614915506368,-7945.242359999346,99.06003708111595,-
06:30:48.189,11-1,A,37.5449141448003,127.1186298722018,0.0,12383.10639083272,-2421.750480829918,0.0,-
06:30:48.189,2-1,A,37.51428293339739,127.06888827577149,0.0,7994.048170665161,-5831.616934202046,0.0,-
06:30:49.189,12-1,C,37.5680372519497,126.97030263901874,137.16,-704.8704494149264,152.31380704087564,137.16,-
06:30:49.189,13-1,C,37.495296,127.023619,109.3580370811039,3999.614915506368,-7945.242359999346,109.3580370811039,-
06:30:49.189,11-1,B,37.544873,127.118611,0.2674405834632978,12381.441160957715,-2426.3307199994233,0.2674405834632978,-
06:30:49.189,2-1,A,37.51426466866738,127.06889105828895,0.0,7994.293692160624,-5833.650163946865,0.0,-
06:30:49.218,12-1,C,37.56803665772716,126.97029870965528,137.16,-705.2171653678153,152.24765818772846,137.16,-
06:30:49.218,13-1,C,37.495296,127.023619,109.65709958135241,3999.614915506368,-7945.242359999346,109.65709958135241,-
06:30:49.218,11-1,B,37.544873,127.118611,0.41610908358637033,12381.441160957715,-2426.3307199994233,0.41610908358637033,-
06:30:49.218,2-1,A,37.514264135240055,127.06889113955327,0.0,7994.300862695029,-5833.709545076852,0.0,-
06:30:50.218,12-1,C,37.56801532554757,126.97015764821549,137.16,-717.6640290852644,149.8729599561412,137.16,-
06:30:50.218,13-1,C,37.495296,127.023619,120.46959958135241,3999.614915506368,-7945.242359999346,120.46959958135241,-
06:30:50.218,11-1,C,37.544873,127.118611,5.042608083570308,12381.441160957715,-2426.3307199994233,5.042608083570308,-
06:30:50.218,2-1,A,37.514241282031726,127.06889462109673,0.0,7994.608064273216,-5836.253564227794,0.0,-
06:30:50.250,12-1,C,37.56801464205588,126.97015312854968,137.16,-718.0628316527257,149.796873660573,137.16,-
06:30:50.250,13-1,C,37.495296,127.023619,120.81611158126529,3999.614915506368,-7945.242359999346,120.81611158126529,-
06:30:50.250,11-1,C,37.544873,127.118611,5.1901440835328865,12381.441160957715,-2426.3307199994233,5.1901440835328865,-
06:30:50.250,2-1,A,37.51424054616288,127.06889473320174,0.0,7994.61795610409,-5836.335481148039,0.0,-
06:30:51.250,12-1,C,37.56799244119319,126.97000632284507,137.16,-731.0165531029894,147.32547362609753,137.16,-
06:30:51.250,13-1,C,37.495296,127.023619,132.14461158126127,3999.614915506368,-7945.242359999346,132.14461158126127,-
06:30:51.250,11-1,C,37.544873,127.118611,9.300644083520837,12381.441160957715,-2426.3307199994233,9.300644083520837,-
06:30:51.250,2-1,A,37.514213091098746,127.06889891580917,0.0,7994.987017590314,-5839.39177888703,0.0,-
06:30:51.282,12-1,C,37.56799172990363,126.97000161936278,137.16,-731.4315751178966,147.2462928728377,137.16,-
06:30:51.282,13-1,C,37.495296,127.023619,132.5076355811699,3999.614915506368,-7945.242359999346,132.5076355811699,-
06:30:51.282,11-1,C,37.544873,127.118611,9.431668083487693,12381.441160957715,-2426.3307199994233,9.431668083487693,-
06:30:51.282,2-1,A,37.514212207970516,127.06889905034824,0.0,7994.998888938244,-5839.490088722089,0.0,-
06:30:52.282,12-1,C,37.56796866035784,126.96984906939332,137.16,-744.8921543009751,144.678191035474,137.16,-
06:30:52.282,13-1,C,37.49526186751677,127.02368820579774,137.16,4005.7214399698187,-7949.041988033127,137.16,-
06:30:52.282,11-1,C,37.544873,127.118611,13.026168083479664,12381.441160957715,-2426.3307199994233,13.026168083479664,-
06:30:52.282,2-1,A,37.51418015105058,127.06890393401963,0.0,7995.429810332505,-5843.05866504913,0.0,-
06:30:52.314,12-1,C,37.56796792127043,126.96984418209456,137.16,-745.3233957633283,144.59591582452254,137.16,-
06:30:52.314,13-1,C,37.49526007117209,127.02369184800173,137.16,4006.0428177804906,-7949.2419571229375,137.16,-
06:30:52.314,11-1,C,37.544873,127.118611,13.141704083450275,12381.441160957715,-2426.3307199994233,13.141704083450275,-
06:30:52.314,2-1,A,37.51417912066296,127.06890409099275,0.0,7995.4436611974925,-5843.173367799002,0.0,-
06:30:53.314,12-1,C,37.56794398304154,126.96968588786027,137.16,-759.2908326792214,141.9311121842706,137.16,-
06:30:53.314,13-1,C,37.49520630830403,127.02380085566305,137.16,4015.6613464641505,-7955.226839595595,137.16,-
06:30:53.314,11-1,C,37.544873,127.118611,17.252204083438226,12381.441160957715,-2426.3307199994233,17.252204083438226,-
06:30:53.314,2-1,A,37.514142461887225,127.06890967572812,0.0,7995.93644249979,-5847.254222714091,0.0,-
06:30:53.343,12-1,C,37.56794328812499,126.96968129264634,137.16,-759.6963013998804,141.85375407416586,137.16,-
06:30:53.343,13-1,C,37.49520475117646,127.02380401283901,137.16,4015.939926768242,-7955.4001790359625,137.16,-
06:30:53.343,11-1,C,37.544873,127.118611,17.37182908353763,12381.441160957715,-2426.3307199994233,17.37182908353763,-
06:30:53.343,2-1,A,37.51414139503257,127.06890983825676,0.0,7995.950783568598,-5847.372984974066,0.0,-
06:30:54.343,12-1,C,37.56791848373824,126.96951727084566,137.16,-774.1691226249621,139.0925297409148,137.16,-
06:30:54.343,13-1,C,37.4951534300258,127.02390806976179,137.16,4025.1216162403684,-7961.113249527134,137.16,-
06:30:54.343,11-1,C,37.544873,127.118611,21.996829083537627,12381.441160957715,-2426.3307199994233,21.996829083537627,-
06:30:54.343,2-1,A,37.514100147778514,127.06891612201811,0.0,7996.505244953621,-5851.9646292952775,0.0,-
06:30:54.375,12-1,C,37.56791768913591,126.96951201644829,137.16,-774.6327558326514,139.0040746100965,137.16,-
06:30:54.375,13-1,C,37.49515179017884,127.02391139465664,137.16,4025.4149955868306,-7961.295797291583,137.16,-
06:30:54.375,11-1,C,37.544873,127.118611,22.14534108350022,12381.441160957715,-2426.3307199994233,22.14534108350022,-
06:30:54.375,2-1,A,37.5140988233002,127.06891632379411,0.0,7996.52304909831,-5852.1120702209555,0.0,-
06:30:55.375,12-1,C,37.56789201606606,126.96934225038278,137.16,-789.6124347905475,136.14614847395725,137.16,-
06:30:55.375,13-1,C,37.495102917864294,127.0240104864072,137.16,4034.1585722637296,-7966.736263346521,137.16,-
06:30:55.375,11-1,C,37.544873,127.118611,27.286341083496204,12381.441160957715,-2426.3307199994233,27.286341083496204,-
06:30:55.375,2-1,B,37.514055,127.068923,0.22715135474787118,7997.1121386822315,-5856.99047999982,0.22715135474787118,-
06:30:55.375,15-1,A,37.56289582668494,126.79242001023333,0.0,-16400.732064745007,-420.02965343227714,0.0,-
06:30:55.407,12-1,C,37.56789119366587,126.96933681216895,137.16,-790.0922874456828,136.0545988854473,137.16,-
06:30:55.407,13-1,C,37.49510135638008,127.02401365241654,137.16,4034.4379320007483,-7966.9100877690125,137.16,-
06:30:55.407,11-1,C,37.544873,127.118611,27.451365083454526,12381.441160957715,-2426.3307199994233,27.451365083454526,-
06:30:55.407,2-1,B,37.514055,127.068923,0.3911513547067038,7997.1121386822315,-5856.99047999982,0.3911513547067038,-
06:30:55.407,15-1,A,37.56289572188917,126.79242014266754,0.0,-16400.72037912372,-420.0413192969687,0.0,-
06:30:56.407,12-1,C,37.56786465191292,126.96916130183858,137.16,-805.5788241363937,133.0999709464198,137.16,-
06:30:56.407,13-1,C,37.49505493290165,127.02410777899492,137.16,4042.7433958824204,-7972.077949387718,137.16,-
06:30:56.407,11-1,C,37.544873,127.118611,33.1083650834465,12381.441160957715,-2426.3307199994233,33.1083650834465,-
06:30:56.407,2-1,C,37.514055,127.068923,5.016150354706707,7997.1121386822315,-5856.99047999982,5.016150354706707,-
06:30:56.407,15-1,A,37.56288927370007,126.79242829147793,0.0,-16400.001351069557,-420.75913170792063,0.0,-
06:30:56.439,12-1,C,37.56786380171488,126.96915567980828,137.16,-806.0748962389748,133.00532690021822,137.16,-
06:30:56.439,13-1,C,37.495053449780194,127.02411078611874,137.16,4043.008736009995,-7972.243050468252,137.16,-
06:30:56.439,11-1,C,37.544873,127.118611,33.28990108340054,12381.441160957715,-2426.3307199994233,33.28990108340054,-
06:30:56.439,2-1,C,37.514055,127.068923,5.1636383546698115,7997.1121386822315,-5856.99047999982,5.1636383546698115,-
06:30:56.439,15-1,A,37.56288906410854,126.79242855634635,0.0,-16399.97797982698,-420.7824634373037,0.0,-
06:30:57.439,12-1,C,37.56783639127882,126.96897442521309,137.16,-822.0682906625004,129.9539971583025,137.16,-
06:30:57.439,13-1,C,37.495009475137884,127.02419994752492,137.16,4050.8760870964397,-7977.138307650724,137.16,-
06:30:57.439,11-1,C,37.544873,127.118611,39.4629010833885,12381.441160957715,-2426.3307199994233,39.4629010833885,-
06:30:57.439,2-1,C,37.514055,127.068923,9.272638354673827,7997.1121386822315,-5856.99047999982,9.272638354673827,-
06:30:57.439,15-1,A,37.56287934105174,126.79244084372583,0.0,-16398.893776107514,-421.8648341199581,0.0,-
06:30:57.468,12-1,C,37.567835595668264,126.96896916414869,137.16,-822.5325121509298,129.8654297912402,137.16,-
06:30:57.468,13-1,C,37.49500820186886,127.02420252915948,137.16,4051.1038832501695,-7977.28004795765,137.16,-
06:30:57.468,11-1,C,37.544873,127.118611,39.64233858353761,12381.441160957715,-2426.3307199994233,39.64233858353761,-
06:30:57.468,2-1,C,37.514055,127.068923,9.39137885477226,7997.1121386822315,-5856.99047999982,9.39137885477226,-
06:30:57.468,15-1,A,37.56287905641433,126.79244120343245,0.0,-16398.862036609764,-421.8965199565128,0.0,-
06:30:58.468,12-1,C,37.56780731907435,126.96878218198711,137.16,-839.031290883644,126.71767935632536,137.16,-
06:30:58.468,13-1,C,37.49496666894395,127.0242867398271,137.16,4058.53439512508,-7981.903493158637,137.16,-
06:30:58.468,11-1,C,37.544873,127.118611,46.32983858353761,12381.441160957715,-2426.3307199994233,46.32983858353761,-
06:30:58.468,2-1,C,37.514055,127.068923,12.98587885476423,7997.1121386822315,-5856.99047999982,12.98587885476423,-
06:30:58.468,15-1,A,37.562866068009804,126.79245761735025,0.0,-16397.41371878215,-423.3423891484633,0.0,-
06:30:58.468,10-1,A,37.610516936012566,126.92338814334664,0.0,-4844.473269825871,4881.152236918919,0.0,-
06:30:58.500,12-1,C,37.56780641336139,126.96877619285821,137.16,-839.559754731561,126.61685539025693,137.16,-
06:30:58.500,13-1,C,37.494965342320214,127.02428942964178,137.16,4058.771736788446,-7982.051172913808,137.16,-
06:30:58.500,11-1,C,37.544873,127.118611,46.544350583483634,12381.441160957715,-2426.3307199994233,46.544350583483634,-
06:30:58.500,2-1,C,37.514055,127.068923,13.101414854734841,7997.1121386822315,-5856.99047999982,13.101414854734841,-
06:30:58.500,15-1,A,37.562865649131375,126.79245814670212,0.0,-16397.367010266833,-423.38901869483254,0.0,-
06:30:58.500,10-1,A,37.61051683482724,126.9233882801768,0.0,-4844.461196318942,4881.140972968711,0.0,-
06:30:59.500,12-1,C,37.56777726808437,126.9685834664318,137.16,-856.5653911970901,123.37240315245387,137.16,-
06:30:59.500,13-1,C,37.494926258231416,127.0243686751372,137.16,4065.7641358681294,-7986.402013678561,137.16,-
06:30:59.500,11-1,C,37.544873,127.118611,53.74785058347962,12381.441160957715,-2426.3307199994233,53.74785058347962,-
06:30:59.500,2-1,C,37.514055,127.068923,17.211914854722792,7997.1121386822315,-5856.99047999982,17.211914854722792,-
06:30:59.500,15-1,A,37.56284938585915,126.79247869918899,0.0,-16395.553516773918,-425.1994461584856,0.0,-
06:30:59.500,10-1,A,37.61051060879232,126.92339669947403,0.0,-4843.718301270294,4880.447890760971,0.0,-
06:30:59.500,7-1,A,37.482612368840286,126.94328961030858,0.0,-3088.4239382550227,-9357.184180699182,0.0,-
06:30:59.500,8-1,A,37.47551721301157,126.98321257887355,0.0,434.26624317139505,-10147.016927551844,0.0,-
06:30:59.532,12-1,C,37.56777633457356,126.96857729348642,137.16,-857.1100744924531,123.26848472869378,137.16,-
06:30:59.532,13-1,C,37.49492500997043,127.02437120606638,137.16,4065.9874579220514,-7986.540970091775,137.16,-
06:30:59.532,11-1,C,37.544873,127.118611,53.97887458342137,12381.441160957715,-2426.3307199994233,53.97887458342137,-
06:30:59.532,2-1,C,37.514055,127.068923,17.34396285468913,7997.1121386822315,-5856.99047999982,17.34396285468913,-
06:30:59.532,15-1,A,37.562848862184964,126.79247936097505,0.0,-16395.495122637312,-425.2577415695464,0.0,-
06:30:59.532,10-1,A,37.61051040642167,126.92339697313433,0.0,-4843.6941542564355,4880.425362860555,0.0,-
06:30:59.532,7-1,A,37.48261234799683,126.9432897955838,0.0,-3088.4075900936673,-9357.186500993163,0.0,-
06:30:59.532,8-1,A,37.475517187022014,126.98321276311063,0.0,434.28249973262473,-10147.019820709434,0.0,-
06:31:00.532,12-1,C,37.56774632061344,126.96837882279516,137.16,-874.6225686907966,119.92733068800253,137.16,-
06:31:00.532,13-1,C,37.494888374717746,127.0244454863896,137.16,4072.5417442065077,-7990.619206420296,137.16,-
06:31:00.532,11-1,C,37.544873,127.118611,61.69837458341334,12381.441160957715,-2426.3307199994233,61.69837458341334,-
06:31:00.532,2-1,C,37.514055,127.068923,21.970462854673062,7997.1121386822315,-5856.99047999982,21.970462854673062,-
06:31:00.532,15-1,A,37.56282932404505,126.79250405203099,0.0,-16393.316453479092,-427.432727304902,0.0,-
06:31:00.532,10-1,A,37.61050101834539,126.92340966837385,0.0,-4842.573962116153,4879.380282208727,0.0,-
06:31:00.532,7-1,A,37.48261106547772,126.94330119575363,0.0,-3087.40167125033,-9357.329271020164,0.0,-
06:31:00.532,8-1,A,37.47551558785832,126.98322409940435,0.0,435.2827823279222,-10147.197839611623,0.0,-
06:31:00.564,12-1,C,37.567745359304766,126.9683724660333,137.16,-875.1834714336057,119.82031780655078,137.16,-
06:31:00.564,13-1,C,37.49488720481951,127.02444785843326,137.16,4072.7510466509857,-7990.749439491552,137.16,-
06:31:00.564,11-1,C,37.544873,127.118611,61.94591058335082,12381.441160957715,-2426.3307199994233,61.94591058335082,-
06:31:00.564,2-1,C,37.514055,127.068923,22.11902285463513,7997.1121386822315,-5856.99047999982,22.11902285463513,-
06:31:00.564,15-1,A,37.56282869557509,126.79250484625126,0.0,-16393.246373721202,-427.5026885806543,0.0,-
06:31:00.564,10-1,A,37.61050071478942,126.92341007886431,0.0,-4842.537741595365,4879.346490358103,0.0,-
06:31:00.564,7-1,A,37.482611023790795,126.94330156630403,0.0,-3087.368974927619,-9357.333911608126,0.0,-
06:31:00.564,8-1,A,37.475515535879204,126.98322446787854,0.0,435.3152954503815,-10147.203625926804,0.0,-
06:31:01.564,12-1,C,37.56771447666154,126.96816825107722,137.16,-893.202823364764,116.3824619629713,137.16,-
06:31:01.564,13-1,C,37.49485301840294,127.02451717358429,137.16,4078.8672201402146,-7994.555071383839,137.16,-
06:31:01.564,11-1,C,37.544873,127.118611,70.18141058333877,12381.441160957715,-2426.3307199994233,70.18141058333877,-
06:31:01.564,2-1,C,37.514055,127.068923,27.26152285461505,7997.1121386822315,-5856.99047999982,27.26152285461505,-
06:31:01.564,15-1,A,37.56280588256748,126.79253367587627,0.0,-16390.70252889768,-430.0422325877124,0.0,-
06:31:01.564,10-1,A,37.61048816467177,126.92342705004612,0.0,-4841.0402523634475,4877.949411262189,0.0,-
06:31:01.564,7-1,A,37.48260908991356,126.9433187563239,0.0,-3085.8521760418007,-9357.549190822068,0.0,-
06:31:01.564,8-1,A,37.47551312454183,126.98324156158128,0.0,436.8235955842336,-10147.472056003728,0.0,-
06:31:01.593,12-1,C,37.56771358035698,126.96816232416235,137.16,-893.7257976209635,116.28268533895142,137.16,-
06:31:01.593,13-1,C,37.494852028992476,127.02451917967744,137.16,4079.0442321435835,-7994.665212557324,137.16,-
06:31:01.593,11-1,C,37.544873,127.118611,70.42066058353758,12381.441160957715,-2426.3307199994233,70.42066058353758,-
06:31:01.593,2-1,C,37.514055,127.068923,27.411075854739085,7997.1121386822315,-5856.99047999982,27.411075854739085,-
06:31:01.593,15-1,A,37.56280521832149,126.792534515308,0.0,-16390.62845980788,-430.11617645070993,0.0,-
06:31:01.593,10-1,A,37.61048779814154,126.92342754569496,0.0,-4840.996517707804,4877.908609116927,0.0,-
06:31:01.593,7-1,A,37.482609033300314,126.94331925955277,0.0,-3085.807772546443,-9357.555493008644,0.0,-
06:31:01.593,8-1,A,37.47551305395118,126.98324206199051,0.0,436.86775028306505,-10147.479914154064,0.0,-
06:31:02.593,12-1,C,37.567681831555895,126.96795238163988,137.16,-912.25053386131,112.74840880237282,137.16,-
06:31:02.593,13-1,C,37.49482028429331,127.02458354408991,137.16,4084.7235664212785,-7998.199032468126,137.16,-
06:31:02.593,11-1,C,37.544873,127.118611,79.17066058353758,12381.441160957715,-2426.3307199994233,79.17066058353758,-
06:31:02.593,2-1,C,37.514055,127.068923,33.068075854731056,7997.1121386822315,-5856.99047999982,33.068075854731056,-
06:31:02.593,15-1,A,37.56277913996616,126.79256747147134,0.0,-16387.720500876207,-433.01921896706415,0.0,-
06:31:02.593,10-1,A,37.61047209517452,126.923448780389,0.0,-4839.1228281781105,4876.160554828206,0.0,-
06:31:02.593,7-1,A,37.48260644995843,126.94334222259172,0.0,-3083.7815787345307,-9357.84307062701,0.0,-
06:31:02.593,8-1,A,37.47550983280109,126.98326489636561,0.0,438.8825911603174,-10147.838492582543,0.0,-
06:31:02.625,12-1,C,37.56768081473231,126.96794565777942,137.16,-912.8438283494552,112.63521600105425,137.16,-
06:31:02.625,13-1,C,37.49481927089279,127.02458559882443,137.16,4084.904870401547,-7998.311844214019,137.16,-
06:31:02.625,11-1,C,37.544873,127.118611,79.45117258346704,12381.441160957715,-2426.3307199994233,79.45117258346704,-
06:31:02.625,2-1,C,37.514055,127.068923,33.2496118546851,7997.1121386822315,-5856.99047999982,33.2496118546851,-
06:31:02.625,15-1,A,37.5627783022093,126.79256853017506,0.0,-16387.62708384557,-433.1124780598026,0.0,-
06:31:02.625,10-1,A,37.61047158954205,126.923449464142,0.0,-4839.062495740868,4876.104267821207,0.0,-
06:31:02.625,7-1,A,37.482606366645186,126.94334296315394,0.0,-3083.716233612834,-9357.852345057896,0.0,-
06:31:02.625,8-1,A,37.47550972891841,126.9832656327784,0.0,438.9475701477911,-10147.850056802563,0.0,-
06:31:03.625,12-1,C,37.567648197248126,126.96772997099211,137.16,-931.8754223226165,109.00423766158744,137.16,-
06:31:03.625,13-1,C,37.49478997502975,127.02464499806469,137.16,4090.1460918840153,-8001.573059688589,137.16,-
06:31:03.625,11-1,C,37.544873,127.118611,88.71717258346303,12381.441160957715,-2426.3307199994233,88.71717258346303,-
06:31:03.625,2-1,C,37.514055,127.068923,39.42261185467304,7997.1121386822315,-5856.99047999982,39.42261185467304,-
06:31:03.625,15-1,A,37.562748948986275,126.79260562490747,0.0,-16384.3539492486,-436.38007884785935,0.0,-
06:31:03.625,10-1,A,37.61045272453367,126.92347497477833,0.0,-4836.8115091195405,4874.004215088397,0.0,-
06:31:03.625,7-1,A,37.48260313194517,126.94337171604292,0.0,-3081.179159758441,-9358.212431863201,0.0,-
06:31:03.625,8-1,A,37.47550569559463,126.98329422456253,0.0,441.4704285635981,-10148.299046405775,0.0,-
06:31:03.625,17-1,A,37.48822002190936,127.1000778077558,0.0,10746.124532562884,-8732.940241049308,0.0,-
06:31:03.657,12-1,C,37.567647152626684,126.96772306331519,137.16,-932.4849362582077,108.88795040257722,137.16,-
06:31:03.657,13-1,C,37.49478903513227,127.02464690376706,137.16,4090.314245687984,-8001.6776890749725,137.16,-
06:31:03.657,11-1,C,37.544873,127.118611,89.01419658338821,12381.441160957715,-2426.3307199994233,89.01419658338821,-
06:31:03.657,2-1,C,37.514055,127.068923,39.62065985462282,7997.1121386822315,-5856.99047999982,39.62065985462282,-
06:31:03.657,15-1,A,37.56274800643366,126.79260681604539,0.0,-16384.248846596678,-436.48500380528935,0.0,-
06:31:03.657,10-1,A,37.61045211771587,126.92347579536148,0.0,-4836.739103175368,4873.936664131191,0.0,-
06:31:03.657,7-1,A,37.482603027788464,126.94337264188034,0.0,-3081.097466475389,-9358.224026588068,0.0,-
06:31:03.657,8-1,A,37.475505565722386,126.9832951452124,0.0,441.5516641123015,-10148.313503783387,0.0,-
06:31:03.657,17-1,A,37.4882201217051,127.10007766931085,0.0,10746.112316570892,-8732.929131788149,0.0,-
06:31:04.657,12-1,C,37.567613666459394,126.96750163226304,137.16,-952.0233879641837,105.16027026022218,137.16,-
06:31:04.657,13-1,C,37.49475955256725,127.02470668155756,137.16,4095.588869374713,-8004.959688213385,137.16,-
06:31:04.657,11-1,C,37.544873,127.118611,98.79619658338018,12381.441160957715,-2426.3307199994233,98.79619658338018,-
06:31:04.657,2-1,C,37.514055,127.068923,46.30965985460676,7997.1121386822315,-5856.99047999982,46.30965985460676,-
06:31:04.657,15-1,B,37.562717,126.792646,0.25551415425021773,-16380.791364922143,-439.93663999979725,0.25551415425021773,-
06:31:04.657,10-1,A,37.610430090666135,126.9235055819401,0.0,-4834.110819462406,4871.484612954294,0.0,-
06:31:04.657,7-1,A,37.48259914173032,126.94340718461936,0.0,-3078.0495125785155,-9358.656622580314,0.0,-
06:31:04.657,8-1,A,37.47550072022492,126.98332949440555,0.0,444.5825400666631,-10148.852904561332,0.0,-
06:31:04.657,17-1,A,37.48822626223721,127.10006915065358,0.0,10745.360654272672,-8732.245567753529,0.0,-
06:31:04.689,12-1,C,37.56761259404009,126.96749454076964,137.16,-952.6491213472209,105.0408885435203,137.16,-
06:31:04.689,13-1,C,37.494758606695314,127.02470859937354,137.16,4095.758092049218,-8005.06498267701,137.16,-
06:31:04.689,11-1,C,37.544873,127.118611,99.1097325833011,12381.441160957715,-2426.3307199994233,99.1097325833011,-
06:31:04.689,2-1,C,37.514055,127.068923,46.52421985455225,7997.1121386822315,-5856.99047999982,46.52421985455225,-
06:31:04.689,15-1,B,37.562717,126.792646,0.41951415420905036,-16380.791364922143,-439.93663999979725,0.41951415420905036,-
06:31:04.689,10-1,A,37.610429382663014,126.92350653935343,0.0,-4834.0263400113045,4871.40579804688,0.0,-
06:31:04.689,7-1,A,37.482599016730155,126.94340829573198,0.0,-3077.951471134108,-9358.670537599164,0.0,-
06:31:04.689,8-1,A,37.475500564363124,126.98333059929251,0.0,444.6800321765962,-10148.870255096535,0.0,-
06:31:04.689,17-1,A,37.48822646182868,127.10006887376368,0.0,10745.336222288686,-8732.223349231212,0.0,-
06:31:05.689,12-1,C,37.56757823918971,126.96726736545266,137.16,-972.6944307860115,101.21650659827704,137.16,-
06:31:05.689,13-1,C,37.49472763427552,127.02477139794009,137.16,4101.299260498394,-8008.5128324490715,137.16,-
06:31:05.689,11-1,C,37.544873,127.118611,109.40773258328905,12381.441160957715,-2426.3307199994233,109.40773258328905,-
06:31:05.689,2-1,C,37.514055,127.068923,53.72921985453217,7997.1121386822315,-5856.99047999982,53.72921985453217,-
06:31:05.689,15-1,C,37.562717,126.792646,5.044513154209054,-16380.791364922143,-439.93663999979725,5.044513154209054,-
06:31:05.689,10-1,A,37.61040419357192,126.92354060187434,0.0,-4831.020759206707,4868.6017484258955,0.0,-
06:31:05.689,7-1,A,37.48259447931388,126.94344862832105,0.0,-3074.392637194754,-9359.175642778351,0.0,-
06:31:05.689,8-1,A,37.47549490669197,126.98337070589467,0.0,448.21892566951243,-10149.500067049214,0.0,-
06:31:05.689,17-1,A,37.48823572097749,127.10005602870174,0.0,10744.202810240586,-8731.192620785308,0.0,-
06:31:05.689,16-1,A,37.597038239431924,127.08596544651773,0.0,9500.8895674034,3380.7037335617615,0.0,-
06:31:05.718,12-1,C,37.567577242191135,126.96726077268733,137.16,-973.2761578099811,101.1055207172996,137.16,-
06:31:05.718,13-1,C,37.494726734079734,127.02477322314475,137.16,4101.46031141152,-8008.613042244028,137.16,-
06:31:05.718,11-1,C,37.544873,127.118611,109.70679508353756,12381.441160957715,-2426.3307199994233,109.70679508353756,-
06:31:05.718,2-1,C,37.514055,127.068923,53.938585354705914,7997.1121386822315,-5856.99047999982,53.938585354705914,-
06:31:05.718,15-1,C,37.562717,126.792646,5.178217654319806,-16380.791364922143,-439.93663999979725,5.178217654319806,-
06:31:05.718,10-1,A,37.610403460511456,126.923541593172,0.0,-4830.933289895419,4868.520144135374,0.0,-
06:31:05.718,7-1,A,37.482594347198,126.94344980268441,0.0,-3074.289014682795,-9359.190349917928,0.0,-
06:31:05.718,8-1,A,37.475494741957654,126.98337187367798,0.0,448.32196757580573,-10149.518405273955,0.0,-
06:31:05.718,17-1,A,37.48823599203424,127.10005565266927,0.0,10744.16963019471,-8731.162446748267,0.0,-
06:31:05.718,16-1,A,37.597038276417884,127.0859656090476,0.0,9500.903908580072,3380.707850839047,0.0,-
06:31:06.718,12-1,C,37.56754202118289,126.96702786980394,137.16,-993.8268515579603,97.18471807905722,137.16,-
06:31:06.718,13-1,C,37.49469418776154,127.0248392128912,137.16,4107.283060576361,-8012.236098385508,137.16,-
06:31:06.718,11-1,C,37.544873,127.118611,120.51929508353754,12381.441160957715,-2426.3307199994233,120.51929508353754,-
06:31:06.718,2-1,C,37.514055,127.068923,61.65808535469788,7997.1121386822315,-5856.99047999982,61.65808535469788,-
06:31:06.718,15-1,C,37.562717,126.792646,9.288717654307757,-16380.791364922143,-439.93663999979725,9.288717654307757,-
06:31:06.718,10-1,A,37.61037511857098,126.92357991920515,0.0,-4827.551508793046,4865.365119321583,0.0,-
06:31:06.718,7-1,A,37.48258916031709,126.94349590829255,0.0,-3070.2207858173465,-9359.76775350154,0.0,-
06:31:06.718,8-1,A,37.47548827447378,126.98341772095252,0.0,452.3674018121222,-10150.238365578189,0.0,-
06:31:06.718,17-1,A,37.488248360734005,127.10003849377941,0.0,10742.655578134361,-8729.78556308994,0.0,-
06:31:06.718,16-1,A,37.59704079123028,127.08597666005419,0.0,9501.879018242835,3380.9877997551207,0.0,-
06:31:06.718,14-1,A,37.488332514566665,126.87868029555182,0.0,-8789.36770329783,-8720.417558438618,0.0,-
06:31:06.750,12-1,C,37.56754089324867,126.96702041121195,137.16,-994.4849766863334,97.0591564424885,137.16,-
06:31:06.750,13-1,C,37.4946931438495,127.02484132948976,137.16,4107.469823266161,-8012.35230667323,137.16,-
06:31:06.750,11-1,C,37.544873,127.118611,120.86580708345043,12381.441160957715,-2426.3307199994233,120.86580708345043,-
06:31:06.750,2-1,C,37.514055,127.068923,61.905621354635365,7997.1121386822315,-5856.99047999982,61.905621354635365,-
06:31:06.750,15-1,C,37.562717,126.792646,9.419741654274613,-16380.791364922143,-439.93663999979725,9.419741654274613,-
06:31:06.750,10-1,A,37.61037420849135,126.923581149881,0.0,-4827.44291742549,4865.263809257794,0.0,-
06:31:06.750,7-1,A,37.48258899369059,126.94349738941698,0.0,-3070.090095573953,-9359.786302363309,0.0,-
06:31:06.750,8-1,A,37.47548806670842,126.98341919377808,0.0,452.4973597870697,-10150.261494018232,0.0,-
06:31:06.750,17-1,A,37.48824875962684,127.10003794040207,0.0,10742.606749677992,-8729.74115833967,0.0,-
06:31:06.750,16-1,A,37.59704087297346,127.08597701926365,0.0,9501.910713872438,3380.996899405642,0.0,-
06:31:06.750,14-1,A,37.488332366439415,126.87868030531213,0.0,-8789.366842074496,-8720.434047963723,0.0,-
06:31:07.750,12-1,C,37.56750480355732,126.96678176406374,137.16,-1015.5425281671273,93.04165200135792,137.16,-
06:31:07.750,13-1,C,37.49465892609458,127.02491070818131,137.16,4113.591603391652,-8016.161427150954,137.16,-
06:31:07.750,11-1,C,37.544873,127.118611,132.1943070834464,12381.441160957715,-2426.3307199994233,132.1943070834464,-
06:31:07.750,2-1,C,37.514055,127.068923,70.14112135462332,7997.1121386822315,-5856.99047999982,70.14112135462332,-
06:31:07.750,15-1,C,37.562717,126.792646,13.014241654266584,-16380.791364922143,-439.93663999979725,13.014241654266584,-
06:31:07.750,10-1,B,37.610344,126.923622,0.21140554827246305,-4823.838418104582,4861.901000000039,0.21140554827246305,-
06:31:07.750,7-1,A,37.48258315545154,126.94354928487516,0.0,-3065.510986666024,-9360.436215133863,0.0,-
06:31:07.750,8-1,A,37.47548078705087,126.98347079846164,0.0,457.0508115619408,-10151.071865497199,0.0,-
06:31:07.750,17-1,A,37.48826424694332,127.10001645510754,0.0,10740.710947867763,-8728.01711027006,0.0,-
06:31:07.750,16-1,A,37.597044666882155,127.08599369108778,0.0,9503.38178862734,3381.419237321905,0.0,-
06:31:07.750,14-1,A,37.48832325202065,126.87868090587462,0.0,-8789.313850134839,-8721.448665061118,0.0,-
06:31:07.782,12-1,C,37.56750364782525,126.96677412165526,137.16,-1016.2168727429464,92.91299590709755,137.16,-
06:31:07.782,13-1,C,37.49465782869657,127.02491293322612,137.16,4113.7879350721905,-8016.283589497434,137.16,-
06:31:07.782,11-1,C,37.544873,127.118611,132.55733108335502,12381.441160957715,-2426.3307199994233,132.55733108335502,-
06:31:07.782,2-1,C,37.514055,127.068923,70.40516935455653,7997.1121386822315,-5856.99047999982,70.40516935455653,-
06:31:07.782,15-1,C,37.562717,126.792646,13.129777654237195,-16380.791364922143,-439.93663999979725,13.129777654237195,-
06:31:07.782,10-1,B,37.610344,126.923622,0.3754055482312957,-4823.838418104582,4861.901000000039,0.3754055482312957,-
06:31:07.782,7-1,A,37.482582967981585,126.94355095127479,0.0,-3065.3639482612753,-9360.457084289616,0.0,-
06:31:07.782,8-1,A,37.475480553295945,126.98347245552429,0.0,457.19702609811793,-10151.097887094831,0.0,-
06:31:07.782,17-1,A,37.48826474563188,127.10001576328526,0.0,10740.649903419402,-8727.961596258632,0.0,-
06:31:07.782,16-1,A,37.59704478955641,127.08599423016341,0.0,9503.429355139886,3381.4328934204314,0.0,-
06:31:07.782,14-1,A,37.48832295576616,126.87868092539526,0.0,-8789.31212768817,-8721.481644111329,0.0,-
06:31:08.782,12-1,C,37.5674666894508,126.96652973024221,137.16,-1037.781281956555,88.79878966307875,137.16,-
06:31:08.782,13-1,C,37.4946218415579,127.02498589945665,137.16,4120.226269522107,-8020.289677774519,137.16,-
06:31:08.782,11-1,C,37.54493801108967,127.11861398663088,137.16,12381.704692845802,-2419.093685497385,137.16,-
06:31:08.782,2-1,C,37.514055,127.068923,79.15666935454047,7997.1121386822315,-5856.99047999982,79.15666935454047,-
06:31:08.782,15-1,C,37.562717,126.792646,17.240277654225146,-16380.791364922143,-439.93663999979725,17.240277654225146,-
06:31:08.782,10-1,C,37.610344,126.923622,5.000404548231299,-4823.838418104582,4861.901000000039,5.000404548231299,-
06:31:08.782,7-1,B,37.482577,126.943604,0.4132191363687845,-3060.6830783223845,-9361.121439999808,0.4132191363687845,-
06:31:08.782,8-1,B,37.475473,126.983526,0.3421487502557668,461.9216396636254,-10151.938719999609,0.3421487502557668,-
06:31:08.782,17-1,A,37.48828335156506,127.09998995158605,0.0,10738.372351859289,-8725.89038377774,0.0,-
06:31:08.782,16-1,A,37.59704986256141,127.08601652280508,0.0,9505.396394986928,3381.9976203368824,0.0,-
06:31:08.782,14-1,A,37.48830921237092,126.8786818309678,0.0,-8789.232222519315,-8723.01155886842,0.0,-
06:31:08.814,12-1,C,37.567465505920865,126.96652190401727,137.16,-1038.47184597982,88.66703911112671,137.16,-
06:31:08.814,13-1,C,37.49462068753961,127.0249882393027,137.16,4120.432730941025,-8020.418143090576,137.16,-
06:31:08.814,11-1,C,37.54494140905315,127.11861414273444,137.16,12381.718466983979,-2418.715424202525,137.16,-
06:31:08.814,2-1,C,37.514055,127.068923,79.4372293544694,7997.1121386822315,-5856.99047999982,79.4372293544694,-
06:31:08.814,15-1,C,37.562717,126.792646,17.372325654191485,-16380.791364922143,-439.93663999979725,17.372325654191485,-
06:31:08.814,10-1,C,37.610344,126.923622,5.147892548194403,-4823.838418104582,4861.901000000039,5.147892548194403,-
06:31:08.814,7-1,B,37.482577,126.943604,0.5772191363276171,-3060.6830783223845,-9361.121439999808,0.5772191363276171,-
06:31:08.814,8-1,B,37.475473,126.983526,0.5061487502145994,461.9216396636254,-10151.938719999609,0.5061487502145994,-
06:31:08.814,17-1,A,37.48828395004936,127.09998912131881,0.0,10738.299091418934,-8725.823760505153,0.0,-
06:31:08.814,16-1,A,37.597050026166755,127.08601724174686,0.0,9505.45983238242,3382.0158328834136,0.0,-
06:31:08.814,14-1,A,37.48830876798918,126.87868186024878,0.0,-8789.229638849314,-8723.061027443739,0.0,-
06:31:09.814,12-1,C,37.56742767886331,126.96627176833938,137.16,-1060.543112926243,84.4561310642197,137.16,-
06:31:09.814,13-1,C,37.49458282801151,127.02506500192283,137.16,4127.20604810386,-8024.632665758525,137.16,-
06:31:09.814,11-1,C,37.54504310683109,127.11861881476388,137.16,12382.130713687864,-2407.394427563313,137.16,-
06:31:09.814,2-1,C,37.514055,127.068923,88.70472935444931,7997.1121386822315,-5856.99047999982,88.70472935444931,-
06:31:09.814,15-1,C,37.562717,126.792646,21.998825654175416,-16380.791364922143,-439.93663999979725,21.998825654175416,-
06:31:09.814,10-1,C,37.610344,126.923622,9.256892548198419,-4823.838418104582,4861.901000000039,9.256892548198419,-
06:31:09.814,7-1,C,37.482577,126.943604,5.2022181363276205,-3060.6830783223845,-9361.121439999808,5.2022181363276205,-
06:31:09.814,8-1,C,37.475473,126.983526,5.131147750214603,461.9216396636254,-10151.938719999609,5.131147750214603,-
06:31:09.814,17-1,A,37.48830567459923,127.09995898321493,0.0,10735.639790108942,-8723.405383612977,0.0,-
06:31:09.814,16-1,A,37.59705637826806,127.0860451552061,0.0,9507.922837321601,3382.7229488000535,0.0,-
06:31:09.814,14-1,A,37.48829039561749,126.87868307083141,0.0,-8789.122820451263,-8725.106239860528,0.0,-
06:31:09.843,12-1,C,37.567426581170736,126.96626450972359,137.16,-1061.183592717983,84.33393592628468,137.16,-
06:31:09.843,13-1,C,37.494581728089585,127.02506723208504,137.16,4127.402831329711,-8024.7551090674815,137.16,-
06:31:09.843,11-1,C,37.54504605229175,127.11861895007931,137.16,12382.142653540195,-2407.066538881988,137.16,-
06:31:09.843,2-1,C,37.514055,127.068923,88.97390735467275,7997.1121386822315,-5856.99047999982,88.97390735467275,-
06:31:09.843,15-1,C,37.562717,126.792646,22.13341465428714,-16380.791364922143,-439.93663999979725,22.13341465428714,-
06:31:09.843,10-1,C,37.610344,126.923622,9.375633048296852,-4823.838418104582,4861.901000000039,9.375633048296852,-
06:31:09.843,7-1,C,37.482577,126.943604,5.335922636438373,-3060.6830783223845,-9361.121439999808,5.335922636438373,-
06:31:09.843,8-1,C,37.475473,126.983526,5.264852250325355,461.9216396636254,-10151.938719999609,5.264852250325355,-
06:31:09.843,17-1,A,37.48830630715261,127.09995810568424,0.0,10735.562359274434,-8723.334967770961,0.0,-
06:31:09.843,16-1,A,37.597056563521356,127.08604596927694,0.0,9507.994668638,3382.7435711976505,0.0,-
06:31:09.843,14-1,A,37.48828985904645,126.87868310618687,0.0,-8789.11970078552,-8725.165970948312,0.0,-
06:31:10.843,12-1,C,37.56738788795532,126.96600864647932,137.16,-1083.7602439735947,80.02660718637853,137.16,-
06:31:10.843,13-1,C,37.494541893606794,127.02514799905238,137.16,4134.529480802006,-8029.189483691531,137.16,-
06:31:10.843,11-1,C,37.54514313131991,127.11862340992185,137.16,12382.5361774715,-2396.2597014669464,137.16,-
06:31:10.843,2-1,C,37.514055,127.068923,98.75590735466471,7997.1121386822315,-5856.99047999982,98.75590735466471,-
06:31:10.843,15-1,C,37.562717,126.792646,27.274414654283124,-16380.791364922143,-439.93663999979725,27.274414654283124,-
06:31:10.843,10-1,C,37.610344,126.923622,12.970133048288822,-4823.838418104582,4861.901000000039,12.970133048288822,-
06:31:10.843,7-1,C,37.482577,126.943604,9.446422636426323,-3060.6830783223845,-9361.121439999808,9.446422636426323,-
06:31:10.843,8-1,C,37.475473,126.983526,9.375352250313306,461.9216396636254,-10151.938719999609,9.375352250313306,-
06:31:10.843,17-1,A,37.48833114125345,127.09992365375244,0.0,10732.522417952192,-8720.570435666363,0.0,-
06:31:10.843,16-1,A,37.597064191000655,127.08607948721414,0.0,9510.952196910348,3383.592662192971,0.0,-
06:31:10.843,14-1,A,37.48826687115463,126.87868462089291,0.0,-8788.986047394405,-8727.724983066502,0.0,-
06:31:10.875,12-1,C,37.56738664891048,126.96600045315577,137.16,-1084.4831997421957,79.8886767145597,137.16,-
06:31:10.875,13-1,C,37.49454061647349,127.02515058852202,137.16,4134.757968301635,-8029.331654170688,137.16,-
06:31:10.875,11-1,C,37.54514623325251,127.11862355242566,137.16,12382.548751605502,-2395.9143943306317,137.16,-
06:31:10.875,2-1,C,37.514055,127.068923,99.06944335458564,7997.1121386822315,-5856.99047999982,99.06944335458564,-
06:31:10.875,15-1,C,37.562717,126.792646,27.439438654241446,-16380.791364922143,-439.93663999979725,27.439438654241446,-
06:31:10.875,10-1,C,37.610344,126.923622,13.085669048259433,-4823.838418104582,4861.901000000039,13.085669048259433,-
06:31:10.875,7-1,C,37.482577,126.943604,9.57744663639318,-3060.6830783223845,-9361.121439999808,9.57744663639318,-
06:31:10.875,8-1,C,37.475473,126.983526,9.506376250280162,461.9216396636254,-10151.938719999609,9.506376250280162,-
06:31:10.875,17-1,A,37.488331939039114,127.09992254699776,0.0,10732.424761039456,-8720.481626165823,0.0,-
06:31:10.875,16-1,A,37.59706443634917,127.08608056536536,0.0,9511.047329935442,3383.6199743900243,0.0,-
06:31:10.875,14-1,A,37.488266130949,126.87868466966616,0.0,-8788.98174378129,-8727.807382757368,0.0,-
06:31:11.875,12-1,C,37.56734708701196,126.96573884564667,137.16,-1107.5667087306222,75.48464617176533,137.16,-
06:31:11.875,13-1,C,37.49449868755014,127.02523560210186,137.16,4142.25932688704,-8033.9991819179595,137.16,-
06:31:11.875,11-1,C,37.54523868006516,127.1186277994627,137.16,12382.923498178889,-2385.6232151462286,137.16,-
06:31:11.875,2-1,C,37.514055,127.068923,109.3674433545736,7997.1121386822315,-5856.99047999982,109.3674433545736,-
06:31:11.875,15-1,C,37.562717,126.792646,33.09643865423342,-16380.791364922143,-439.93663999979725,33.09643865423342,-
06:31:11.875,10-1,C,37.610344,126.923622,17.196169048247384,-4823.838418104582,4861.901000000039,17.196169048247384,-
06:31:11.875,7-1,C,37.482577,126.943604,13.215234811701364,-3060.6830783223845,-9361.121439999808,13.215234811701364,-
06:31:11.875,8-1,C,37.475473,126.983526,13.116999273616916,461.9216396636254,-10151.938719999609,13.116999273616916,-
06:31:11.875,17-1,A,37.488359891756645,127.0998837686613,0.0,10729.003069967333,-8717.369929649942,0.0,-
06:31:11.875,16-1,A,37.597073342924766,127.08611970412011,0.0,9514.50082329993,3384.6114543855333,0.0,-
06:31:11.875,14-1,A,37.488238514080706,126.87868648938228,0.0,-8788.821177160979,-8730.881692535255,0.0,-
06:31:11.907,12-1,C,37.56734582016926,126.96573046850664,137.16,-1108.3058839466692,75.34362124225483,137.16,-
06:31:11.907,13-1,C,37.49449734339474,127.0252383274631,137.16,4142.499805078284,-8034.148813297058,137.16,-
06:31:11.907,11-1,C,37.54524163376686,127.11862793515672,137.16,12382.935471437437,-2385.2944090732904,137.16,-
06:31:11.907,2-1,C,37.514055,127.068923,109.69749135449024,7997.1121386822315,-5856.99047999982,109.69749135449024,-
06:31:11.907,15-1,C,37.562717,126.792646,33.27797465418746,-16380.791364922143,-439.93663999979725,33.27797465418746,-
06:31:11.907,10-1,C,37.610344,126.923622,17.328217048213723,-4823.838418104582,4861.901000000039,17.328217048213723,-
06:31:11.907,7-1,C,37.482577,126.943604,13.332156033281748,-3060.6830783223845,-9361.121439999808,13.332156033281748,-
06:31:11.907,8-1,C,37.475473,126.983526,13.233051210334434,461.9216396636254,-10151.938719999609,13.233051210334434,-
06:31:11.907,17-1,A,37.488360789338046,127.09988252346167,0.0,10728.893197062604,-8717.270010888244,0.0,-
06:31:11.907,16-1,A,37.59707362920437,127.0861209621375,0.0,9514.611827207966,3384.643323030591,0.0,-
06:31:11.907,14-1,A,37.48823762574783,126.87868654791585,0.0,-8788.81601232453,-8730.980581751228,0.0,-
06:31:12.907,12-1,C,37.567305389587645,126.96546311673269,137.16,-1131.8962506679102,70.84288889657223,137.16,-
06:31:12.907,13-1,C,37.49445320003285,127.02532783095903,137.16,4150.397341200132,-8039.062852342668,137.16,-
06:31:12.907,11-1,C,37.545329448364,127.11863196938825,137.16,12383.291440652902,-2375.5188881195263,137.16,-
06:31:12.907,2-1,C,37.514055,127.068923,120.51149135447417,7997.1121386822315,-5856.99047999982,120.51149135447417,-
06:31:12.907,15-1,C,37.562717,126.792646,39.45097465417542,-16380.791364922143,-439.93663999979725,39.45097465417542,-
06:31:12.907,10-1,C,37.610344,126.923622,21.954717048197654,-4823.838418104582,4861.901000000039,21.954717048197654,-
06:31:12.907,7-1,C,37.482577,126.943604,17.485944208585906,-3060.6830783223845,-9361.121439999808,17.485944208585906,-
06:31:12.907,8-1,C,37.475473,126.983526,17.359674233667167,461.9216396636254,-10151.938719999609,17.359674233667167,-
06:31:12.907,17-1,B,37.48839,127.099842,0.30786306520614914,10725.317521062578,-8714.018279999429,0.30786306520614914,-
06:31:12.907,16-1,A,37.597083814876264,127.08616572170979,0.0,9518.561285664593,3385.777192026289,0.0,-
06:31:12.907,14-1,A,37.48820537990308,126.87868867264204,0.0,-8788.628532475022,-8734.570189188813,0.0,-
06:31:13.125,12-1,C,37.56729653571765,126.96540456952036,137.16,-1137.0622916083848,69.85727608967261,137.16,-
06:31:13.125,13-1,C,37.494443464010104,127.02534757136925,137.16,4152.139179338791,-8040.1466663946,137.16,-
06:31:13.125,11-1,C,37.545348378630855,127.11863283905095,137.16,12383.368177237266,-2373.4115708129175,137.16,-
06:31:13.125,2-1,C,37.514055,127.068923,122.8927053545593,7997.1121386822315,-5856.99047999982,122.8927053545593,-
06:31:13.125,15-1,C,37.562717,126.792646,40.820450654224125,-16380.791364922143,-439.93663999979725,40.820450654224125,-
06:31:13.125,10-1,C,37.610344,126.923622,22.987056048233068,-4823.838418104582,4861.901000000039,22.987056048233068,-
06:31:13.125,7-1,C,37.482577,126.943604,18.41523203083733,-3060.6830783223845,-9361.121439999808,18.41523203083733,-
06:31:13.125,8-1,C,37.475473,126.983526,18.283040052788603,461.9216396636254,-10151.938719999609,18.283040052788603,-
06:31:13.125,17-1,B,37.48839,127.099842,1.4048390652448186,10725.317521062578,-8714.018279999429,1.4048390652448186,-
06:31:13.125,16-1,A,37.59708609425562,127.08617573813737,0.0,9519.4451069929,3386.030932536009,0.0,-
06:31:13.125,14-1,A,37.48819813714277,126.8786891498782,0.0,-8788.586422503191,-8735.376453267194,0.0,-
06:31:13.968,12-1,C,37.5672616998593,126.96517421348405,137.16,-1157.3882587526152,65.97934833787771,137.16,-
06:31:13.968,13-1,C,37.49440412877682,127.02542732607623,137.16,4159.17650980959,-8044.525464563651,137.16,-
06:31:13.968,11-1,C,37.54541839164623,127.11863605547195,137.16,12383.65198515722,-2365.6177219410997,137.16,-
06:31:13.968,2-1,C,37.514055,127.068923,132.45611885464365,7997.1121386822315,-5856.99047999982,132.45611885464365,-
06:31:13.968,15-1,C,37.562717,126.792646,46.471501154274584,-16380.791364922143,-439.93663999979725,46.471501154274584,-
06:31:13.968,10-1,C,37.610344,126.923622,27.334407048267725,-4823.838418104582,4861.901000000039,27.334407048267725,-
06:31:13.968,7-1,C,37.482577,126.943604,22.36408696266313,-3060.6830783223845,-9361.121439999808,22.36408696266313,-
06:31:13.968,8-1,C,37.475473,126.983526,22.208994761502275,461.9216396636254,-10151.938719999609,22.208994761502275,-
06:31:13.968,17-1,C,37.48839,127.099842,5.291489565271697,10725.317521062578,-8714.018279999429,5.291489565271697,-
06:31:13.968,16-1,A,37.59709578935566,127.08621834195729,0.0,9523.204347938556,3387.110191072957,0.0,-
06:31:13.968,14-1,A,37.488166942012874,126.87869120537125,0.0,-8788.405051591606,-8738.849095126541,0.0,-
06:31:14.968,12-1,C,37.567219534436724,126.96489538987888,137.16,-1181.9908675158595,61.285493496307765,137.16,-
06:31:14.968,13-1,C,37.49435518726122,127.02552655813638,137.16,4167.932467008374,-8049.973634080406,137.16,-
06:31:14.968,11-1,C,37.5454969552781,127.11863966471108,137.16,12383.970454242184,-2356.8720184421445,137.16,-
06:31:14.968,2-1,C,37.5139908551367,127.0689231524584,137.16,7997.125591181073,-5864.131086182593,137.16,-
06:31:14.968,15-1,C,37.562717,126.792646,53.67500115427057,-16380.791364922143,-439.93663999979725,53.67500115427057,-
06:31:14.968,10-1,C,37.610344,126.923622,32.991407048259696,-4823.838418104582,4861.901000000039,32.991407048259696,-
06:31:14.968,7-1,C,37.482577,126.943604,27.548375137975324,-3060.6830783223845,-9361.121439999808,27.548375137975324,-
06:31:14.968,8-1,C,37.475473,126.983526,27.36611778484304,461.9216396636254,-10151.938719999609,27.36611778484304,-
06:31:14.968,17-1,C,37.48839,127.099842,9.401989565259647,10725.317521062578,-8714.018279999429,9.401989565259647,-
06:31:14.968,16-1,B,37.597108,127.086272,0.21360624776163561,9527.938982335309,3388.469480000135,0.21360624776163561,-
06:31:14.968,14-1,A,37.48812545167153,126.87869393923094,0.0,-8788.163823519835,-8743.467799925225,0.0,-
06:31:15.000,12-1,C,37.56721818428125,126.96488646182378,137.16,-1182.7786539246886,61.135194189238774,137.16,-
06:31:15.000,13-1,C,37.494353618702874,127.02552973848898,137.16,4168.213092355237,-8050.148245996121,137.16,-
06:31:15.000,11-1,C,37.545499464718006,127.11863977999558,137.16,12383.980626621104,-2356.5926675911282,137.16,-
06:31:15.000,2-1,C,37.51398745492714,127.06892316053995,137.16,7997.126304275042,-5864.509597510784,137.16,-
06:31:15.000,15-1,C,37.562717,126.792646,53.90602515421232,-16380.791364922143,-439.93663999979725,53.90602515421232,-
06:31:15.000,10-1,C,37.610344,126.923622,33.17294304821374,-4823.838418104582,4861.901000000039,33.17294304821374,-
06:31:15.000,7-1,C,37.482577,126.943604,27.714784359543412,-3060.6830783223845,-9361.121439999808,27.714784359543412,-
06:31:15.000,8-1,C,37.475473,126.983526,27.531657721548264,461.9216396636254,-10151.938719999609,27.531657721548264,-
06:31:15.000,17-1,C,37.48839,127.099842,9.533013565226504,10725.317521062578,-8714.018279999429,9.533013565226504,-
06:31:15.000,16-1,B,37.597108,127.086272,0.37755824772099444,9527.938982335309,3388.469480000135,0.37755824772099444,-
06:31:15.000,14-1,A,37.488124119387514,126.8786940270171,0.0,-8788.156077516942,-8743.61610978185,0.0,-
