Vertiport,Class,Angle_deg,Label,Category,X_cm,Y_cm,Z_cm,X_m,Y_m,Z_m,Yaw_deg,pt_lat_deg,pt_lon_deg,pt_h_m
영등포·여의도,port,322,GATE 8,GATE,-489394.7245713620 ,442314.0053706530 ,1878.2659520000 ,-4893.9472457136 ,4423.1400537065 ,18.7826595200 ,412,37.526939543411900000 ,126.923088145473000000 ,30.040661538019700000 
영등포·여의도,port,322,GATE 7,GATE,-488010.0101353530 ,441232.1478735630 ,1878.2659520000 ,-4880.1001013535 ,4412.3214787356 ,18.7826595200 ,412,37.527037134675800000 ,126.923244756426000000 ,30.032823191024300000 
영등포·여의도,port,322,GATE 6,GATE,-486679.4580756190 ,440192.6066397100 ,1878.2659520000 ,-4866.7945807562 ,4401.9260663971 ,18.7826595200 ,412,37.527130908513900000 ,126.923395242009000000 ,30.025337087921800000 
영등포·여의도,port,322,GATE 5,GATE,-485308.5359474010 ,439121.5248211530 ,1878.2659520000 ,-4853.0853594740 ,4391.2152482115 ,18.7826595200 ,412,37.527227527329900000 ,126.923550293846000000 ,30.017670648172400000 
영등포·여의도,port,322,GATE 4,GATE,-486751.2933536240 ,445624.2226762250 ,1878.2659620000 ,-4867.5129335362 ,4456.2422267623 ,18.7826596200 ,232,37.526641285627200000 ,126.923387160684000000 ,30.047172450460400000 
영등포·여의도,port,322,GATE 3,GATE,-485402.8097371020 ,444570.6718027120 ,1878.2659620000 ,-4854.0280973710 ,4445.7067180271 ,18.7826596200 ,232,37.526736323052600000 ,126.923539673705000000 ,30.039539461955400000 
영등포·여의도,port,322,GATE 2,GATE,-484071.8451483200 ,443530.8083013760 ,1878.2659620000 ,-4840.7184514832 ,4435.3080830138 ,18.7826596200 ,232,37.526830125589900000 ,126.923690205710000000 ,30.032050703652200000 
영등포·여의도,port,322,GATE 1,GATE,-482734.6997350120 ,442486.1158170230 ,1878.2659620000 ,-4827.3469973501 ,4424.8611581702 ,18.7826596200 ,232,37.526924363538800000 ,126.923841437147000000 ,30.024572249501900000 
영등포·여의도,port,322,FATO 2,FATO,-483000.9358257640 ,437451.0228434530 ,1878.2659520000 ,-4830.0093582576 ,4374.5102284345 ,18.7826595200 ,322,37.527378225943200000 ,126.923811286237000000 ,30.005389686673800000 
영등포·여의도,port,322,FATO 1,FATO,-480478.2335949470 ,440723.1712525530 ,1878.2659620000 ,-4804.7823359495 ,4407.2317125255 ,18.7826596200 ,322,37.527083391980600000 ,126.924096644820000000 ,30.012054640799700000 
영등포·여의도,port,322,TAXI 5,TAXI,-488057.3336015830 ,444025.7877026640 ,1878.2659520000 ,-4880.5733360158 ,4440.2578770266 ,18.7826595200 ,322,37.526785306701500000 ,126.923239426820000000 ,30.044068691320700000 
영등포·여의도,port,322,TAXI 4,TAXI,-486686.1437328990 ,442954.4966122300 ,1878.2659520000 ,-4866.8614373290 ,4429.5449661223 ,18.7826595200 ,322,37.526881944604700000 ,126.923394508021000000 ,30.036306498572200000 
영등포·여의도,port,322,TAXI 3,TAXI,-485345.0095301660 ,441906.6877414940 ,1878.2659520000 ,-4853.4500953017 ,4419.0668774149 ,18.7826595200 ,322,37.526976464050300000 ,126.923546190322000000 ,30.028760413639200000 
영등포·여의도,port,322,TAXI 2,TAXI,-484002.3238651180 ,440857.6667127090 ,1878.2659520000 ,-4840.0232386512 ,4408.5766671271 ,18.7826595200 ,322,37.527071092644200000 ,126.923698048477000000 ,30.021251135505700000 
영등포·여의도,port,322,TAXI 1,TAXI,-481738.6002009270 ,439089.0519413410 ,1878.2659520000 ,-4817.3860020093 ,4390.8905194134 ,18.7826595200 ,322,37.527230632879900000 ,126.923954077178000000 ,30.008693900890600000 
잠실,port,83,GATE 8,GATE,803509.9184952600 ,576363.5654267290 ,403.7170770000 ,8035.0991849526 ,5763.6356542673 ,4.0371707700 ,173,37.514817126231500000 ,127.069289979871000000 ,33.608123500831400000 
잠실,port,83,GATE 7,GATE,803724.0707083630 ,578107.6951647140 ,403.7170770000 ,8037.2407070836 ,5781.0769516471 ,4.0371707700 ,173,37.514659886882000000 ,127.069313905514000000 ,33.622534482739800000 
잠실,port,83,GATE 6,GATE,803929.8464903400 ,579783.6041980730 ,403.7170770000 ,8039.2984649034 ,5797.8360419807 ,4.0371707700 ,173,37.514508797858000000 ,127.069336895226000000 ,33.636427565477700000 
잠실,port,83,GATE 5,GATE,804141.8657078140 ,581510.3617360910 ,403.7170770000 ,8041.4186570781 ,5815.1036173609 ,4.0371707700 ,173,37.514353124656500000 ,127.069360582371000000 ,33.650789107196000000 
잠실,port,83,GATE 4,GATE,799311.0407371640 ,576924.5402796330 ,403.7170870000 ,7993.1104073716 ,5769.2454027963 ,4.0371708700 ,-7,37.514766932913500000 ,127.068815044872000000 ,33.537506239488700000 
잠실,port,83,GATE 3,GATE,799519.5896896650 ,578623.0351549620 ,403.7170870000 ,7995.1958968967 ,5786.2303515496 ,4.0371708700 ,-7,37.514613807796200000 ,127.068838345462000000 ,33.551540885120600000 
잠실,port,83,GATE 2,GATE,799725.4292406240 ,580299.4637747570 ,403.7170870000 ,7997.2542924062 ,5802.9946377476 ,4.0371708700 ,-7,37.514462672019400000 ,127.068861343244000000 ,33.565438386984100000 
잠실,port,83,GATE 1,GATE,799932.2246779550 ,581983.6775053410 ,403.7170870000 ,7999.3222467796 ,5819.8367750534 ,4.0371708700 ,-7,37.514310834380600000 ,127.068884447732000000 ,33.579445635899900000 
잠실,port,83,FATO 2,FATO,804385.2634545470 ,584348.7332261830 ,403.7170770000 ,8043.8526345455 ,5843.4873322618 ,4.0371707700 ,83,37.514097244976200000 ,127.069387631500000000 ,33.672641322948000000 
잠실,port,83,FATO 1,FATO,800281.1971346910 ,584825.8300704050 ,403.7170870000 ,8002.8119713469 ,5848.2583007041 ,4.0371708700 ,83,37.514054604570400000 ,127.068923436917000000 ,33.603185968473500000 
잠실,port,83,TAXI 5,TAXI,801353.8273838630 ,576628.3001573340 ,403.7170770000 ,8013.5382738386 ,5766.2830015733 ,4.0371707700 ,83,37.514793454849400000 ,127.069046108262000000 ,33.571685077622500000 
잠실,port,83,TAXI 4,TAXI,801565.8880858140 ,578355.3949767090 ,403.7170770000 ,8015.6588808581 ,5783.5539497671 ,4.0371707700 ,83,37.514637751304400000 ,127.069069800736000000 ,33.585955141112200000 
잠실,port,83,TAXI 3,TAXI,801773.3004092230 ,580044.6328248030 ,403.7170770000 ,8017.7330040922 ,5800.4463282480 ,4.0371707700 ,83,37.514485460687900000 ,127.069092973776000000 ,33.599958505481400000 
잠실,port,83,TAXI 2,TAXI,801980.9526927100 ,581735.8248432080 ,403.7170770000 ,8019.8095269271 ,5817.3582484321 ,4.0371707700 ,83,37.514332993888300000 ,127.069116173530000000 ,33.614023732021400000 
잠실,port,83,TAXI 1,TAXI,802331.0475641320 ,584587.1186930820 ,403.7170770000 ,8023.3104756413 ,5845.8711869308 ,4.0371707700 ,83,37.514075939885400000 ,127.069155287334000000 ,33.637840689159900000 
상암·수색,port,38,GATE 8,GATE,-775579.6117263560 ,50014.2709679875 ,2072.3244530000 ,-7755.7961172636 ,500.1427096799 ,20.7232445300 ,128,37.562285187255600000 ,126.890701758331000000 ,31.970656859688400000 
상암·수색,port,38,GATE 7,GATE,-774194.8972792660 ,51096.1284508940 ,2072.3244530000 ,-7741.9489727927 ,510.9612845089 ,20.7232445300 ,128,37.562187779533000000 ,126.890858503118000000 ,31.958547459915200000 
상암·수색,port,38,GATE 6,GATE,-772864.3451862860 ,52135.6696421943 ,2072.3244530000 ,-7728.6434518629 ,521.3566964219 ,20.7232445300 ,128,37.562094181664600000 ,126.891009116533000000 ,31.946957320906200000 
상암·수색,port,38,GATE 5,GATE,-771493.4229952700 ,53206.7513803738 ,2072.3244530000 ,-7714.9342299527 ,532.0675138037 ,20.7232445300 ,128,37.561997743756100000 ,126.891164299296000000 ,31.935062280856000000 
상암·수색,port,38,GATE 4,GATE,-778151.9975399150 ,53379.9950266736 ,2072.3244630000 ,-7781.5199753992 ,533.7999502667 ,20.7232446300 ,-52,37.561981584098300000 ,126.890410829053000000 ,31.981535308994300000 
상암·수색,port,38,GATE 3,GATE,-776803.5139172360 ,54433.5458923071 ,2072.3244630000 ,-7768.0351391724 ,544.3354589231 ,20.7232446300 ,-52,37.561886725405600000 ,126.890563472392000000 ,31.969743637368000000 
상암·수색,port,38,GATE 2,GATE,-775472.5493296850 ,55473.4093952192 ,2072.3244630000 ,-7754.7254932969 ,554.7340939522 ,20.7232446300 ,-52,37.561793098888400000 ,126.890714132262000000 ,31.958150179125300000 
상암·수색,port,38,GATE 1,GATE,-774135.4039237660 ,56518.1018890275 ,2072.3244630000 ,-7741.3540392377 ,565.1810188903 ,20.7232446300 ,-52,37.561699037386400000 ,126.890865491397000000 ,31.946547921746900000 
상암·수색,port,38,FATO 2,FATO,-769314.2830698600 ,55041.6749113043 ,2072.3244530000 ,-7693.1428306986 ,550.4167491130 ,20.7232445300 ,38,37.561832516968100000 ,126.891410974330000000 ,31.915971894748500000 
상암·수색,port,38,FATO 1,FATO,-771878.9377812380 ,58281.0464503457 ,2072.3244630000 ,-7718.7893778124 ,582.8104645035 ,20.7232446300 ,38,37.561540305818600000 ,126.891120912842000000 ,31.927071191370400000 
상암·수색,port,38,TAXI 5,TAXI,-776917.0026488540 ,51726.0533369382 ,2072.3244530000 ,-7769.1700264885 ,517.2605333694 ,20.7232445300 ,38,37.562130774646300000 ,126.890550501240000000 ,31.976359926164100000 
상암·수색,port,38,TAXI 4,TAXI,-775545.8126299490 ,52797.3442350983 ,2072.3244530000 ,-7755.4581262995 ,527.9734423510 ,20.7232445300 ,38,37.562034318509400000 ,126.890705714985000000 ,31.964368716813600000 
상암·수색,port,38,TAXI 3,TAXI,-774204.6784321410 ,53845.1531121383 ,2072.3244530000 ,-7742.0467843214 ,538.4515311214 ,20.7232445300 ,38,37.561939976431000000 ,126.890857526134000000 ,31.952686271630200000 
상암·수색,port,38,TAXI 2,TAXI,-772861.9927498550 ,54894.1741188583 ,2072.3244530000 ,-7728.6199274986 ,548.9417411886 ,20.7232445300 ,38,37.561845525018000000 ,126.891009512522000000 ,31.941035803407400000 
상암·수색,port,38,TAXI 1,TAXI,-770598.2690758130 ,56662.7888776181 ,2072.3244530000 ,-7705.9826907581 ,566.6278887762 ,20.7232445300 ,38,37.561686282609100000 ,126.891265755679000000 ,31.921496560797000000 
용산,port,76,GATE 8,GATE,-173832.5488935000 ,421059.2973524750 ,1431.5747270000 ,-1738.3254889350 ,4210.5929735248 ,14.3157472700 ,166,37.528861900270200000 ,126.958777525866000000 ,27.848712505772700000 
용산,port,76,GATE 7,GATE,-173407.4369925370 ,422764.3280222750 ,1431.5747270000 ,-1734.0743699254 ,4227.6432802228 ,14.3157472700 ,166,37.528708211569900000 ,126.958825550908000000 ,27.855951623991100000 
용산,port,76,GATE 6,GATE,-172998.9530985330 ,424402.6673243990 ,1431.5747270000 ,-1729.9895309853 ,4244.0266732440 ,14.3157472700 ,166,37.528560534299500000 ,126.958871697293000000 ,27.862953349947900000 
용산,port,76,GATE 5,GATE,-172578.0754327760 ,426090.7152307530 ,1431.5747270000 ,-1725.7807543278 ,4260.9071523075 ,14.3157472700 ,166,37.528408376353000000 ,126.958919243610000000 ,27.870214427821300000 
용산,port,76,GATE 4,GATE,-177931.7632165200 ,422127.8052593090 ,1431.5747370000 ,-1779.3176321652 ,4221.2780525931 ,14.3157473700 ,-14,37.528765514117600000 ,126.958313830685000000 ,27.843035438098000000 
용산,port,76,GATE 3,GATE,-177517.7743010530 ,423788.2240874910 ,1431.5747370000 ,-1775.1777430105 ,4237.8822408749 ,14.3157473700 ,-14,37.528615846837800000 ,126.958360600029000000 ,27.850085937418000000 
용산,port,76,GATE 2,GATE,-177109.1637917330 ,425427.0713316470 ,1431.5747370000 ,-1771.0916379173 ,4254.2707133165 ,14.3157473700 ,-14,37.528468123961700000 ,126.958406761577000000 ,27.857090014033000000 
용산,port,76,GATE 1,GATE,-176698.6557547330 ,427073.5291643140 ,1431.5747370000 ,-1766.9865575473 ,4270.7352916431 ,14.3157473700 ,-14,37.528319715058700000 ,126.958453137310000000 ,27.864171807654200000 
용산,port,76,FATO 2,FATO,-171990.5814661010 ,428878.2672065920 ,1431.5747270000 ,-1719.9058146610 ,4288.7826720659 ,14.3157472700 ,76,37.528157109070000000 ,126.958985597144000000 ,27.882051393389700000 
용산,port,76,FATO 1,FATO,-176005.9132188100 ,429851.9677109760 ,1431.5747370000 ,-1760.0591321881 ,4298.5196771098 ,14.3157473700 ,76,37.528069271294200000 ,126.958531397098000000 ,27.876225226558700000 
용산,port,76,TAXI 5,TAXI,-175940.3057809100 ,421584.8201986100 ,1431.5747270000 ,-1759.4030578091 ,4215.8482019861 ,14.3157472700 ,76,37.528814493497300000 ,126.958539101161000000 ,27.845671132206900000 
용산,port,76,TAXI 4,TAXI,-175519.3458356380 ,423273.1978165920 ,1431.5747270000 ,-1755.1934583564 ,4232.7319781659 ,14.3157472700 ,76,37.528662305971000000 ,126.958586657611000000 ,27.852839413098900000 
용산,port,76,TAXI 3,TAXI,-175107.6132248330 ,424924.5671382560 ,1431.5747270000 ,-1751.0761322483 ,4249.2456713826 ,14.3157472700 ,76,37.528513454288400000 ,126.958633171448000000 ,27.859896646812500000 
용산,port,76,TAXI 2,TAXI,-174695.4042891230 ,426577.8468203660 ,1431.5747270000 ,-1746.9540428912 ,4265.7784682037 ,14.3157472700 ,76,37.528364430387300000 ,126.958679738912000000 ,27.867007691413100000 
용산,port,76,TAXI 1,TAXI,-174000.4336624450 ,429365.2217261460 ,1431.5747270000 ,-1740.0043366245 ,4293.6522172615 ,14.3157472700 ,76,37.528113180965700000 ,126.958758249694000000 ,27.879100090824000000 
목동,port,10,GATE 8,GATE,-898928.7456842130 ,446428.5578613550 ,1053.4909820000 ,-8989.2874568421 ,4464.2855786136 ,10.5349098200 ,100,37.526531139723400000 ,126.876761242964000000 ,28.584337431006100000 
목동,port,10,GATE 7,GATE,-897198.2140731460 ,446733.6972662160 ,1053.4909820000 ,-8971.9821407315 ,4467.3369726622 ,10.5349098200 ,100,37.526503797878500000 ,126.876956995231000000 ,28.570052913390100000 
목동,port,10,GATE 6,GATE,-895535.3712778160 ,447026.9012882930 ,1053.4909820000 ,-8955.3537127782 ,4470.2690128829 ,10.5349098200 ,100,37.526477525190900000 ,126.877145090619000000 ,28.556372661143500000 
목동,port,10,GATE 5,GATE,-893822.0764117680 ,447329.0013473000 ,1053.4909820000 ,-8938.2207641177 ,4473.2900134730 ,10.5349098200 ,100,37.526450455056100000 ,126.877338892844000000 ,28.542324014939300000 
목동,port,10,GATE 4,GATE,-899619.9158124620 ,450607.9778051790 ,1053.4909920000 ,-8996.1991581246 ,4506.0797780518 ,10.5349099200 ,-80,37.526154330775000000 ,126.876683336411000000 ,28.607598814181900000 
목동,port,10,GATE 3,GATE,-897934.6632724450 ,450905.1332922150 ,1053.4909920000 ,-8979.3466327245 ,4509.0513329222 ,10.5349099200 ,-80,37.526127704451900000 ,126.876873965922000000 ,28.593688696622800000 
목동,port,10,GATE 2,GATE,-896271.3049498900 ,451198.4282440820 ,1053.4909920000 ,-8962.7130494989 ,4511.9842824408 ,10.5349099200 ,-80,37.526101423746400000 ,126.877062118708000000 ,28.580004243180100000 
목동,port,10,GATE 1,GATE,-894600.2222147320 ,451493.0852233790 ,1053.4909920000 ,-8946.0022221473 ,4514.9308522338 ,10.5349099200 ,-80,37.526075020694300000 ,126.877251145119000000 ,28.566301204264100000 
목동,port,10,FATO 2,FATO,-891036.5656424650 ,447926.0984357040 ,1053.4909820000 ,-8910.3656564247 ,4479.2609843570 ,10.5349098200 ,10,37.526396893806900000 ,126.877653986960000000 ,28.520015630871000000 
목동,port,10,FATO 1,FATO,-891780.2285275130 ,451990.3261938330 ,1053.4909920000 ,-8917.8022852751 ,4519.9032619383 ,10.5349099200 ,10,37.526030464201500000 ,126.877570131589000000 ,28.543279184028500000 
목동,port,10,TAXI 5,TAXI,-899305.9586360440 ,448567.8389899600 ,1053.4909820000 ,-8993.0595863604 ,4485.6783898996 ,10.5349098200 ,10,37.526338263786400000 ,126.876718715492000000 ,28.596419289708100000 
목동,port,10,TAXI 4,TAXI,-897592.3290973420 ,448869.9979886900 ,1053.4909820000 ,-8975.9232909734 ,4488.6999798869 ,10.5349098200 ,10,37.526311189069200000 ,126.876912555367000000 ,28.582274083979400000 
목동,port,10,TAXI 3,TAXI,-895916.2614146810 ,449165.5339466980 ,1053.4909820000 ,-8959.1626141468 ,4491.6553394670 ,10.5349098200 ,10,37.526284707496300000 ,126.877102146238000000 ,28.568484779447300000 
목동,port,10,TAXI 2,TAXI,-894238.2547921210 ,449461.4117738470 ,1053.4909820000 ,-8942.3825479212 ,4494.6141177385 ,10.5349098200 ,10,37.526258194985000000 ,126.877291956303000000 ,28.554724941030100000 
목동,port,10,TAXI 1,TAXI,-891409.1910884670 ,449960.2520268210 ,1053.4909820000 ,-8914.0919108847 ,4499.6025202682 ,10.5349098200 ,10,37.526213495074700000 ,126.877611969495000000 ,28.531629201024700000 
미아,port,74,GATE 8,GATE,423473.0893579260 ,-701058.8650561790 ,2813.3809790000 ,4234.7308935793 ,-7010.5886505618 ,28.1338097900 ,164,37.630014642996600000 ,127.026478996919000000 ,44.319589149206800000 
미아,port,74,GATE 7,GATE,423957.4470044440 ,-699369.7092363800 ,2813.3809790000 ,4239.5744700444 ,-6993.6970923638 ,28.1338097900 ,164,37.629862357990800000 ,127.026533659770000000 ,44.301598196849200000 
미아,port,74,GATE 6,GATE,424422.8592781690 ,-697746.6238486050 ,2813.3809790000 ,4244.2285927817 ,-6977.4662384861 ,28.1338097900 ,164,37.629716029503700000 ,127.026586184306000000 ,44.284356707707000000 
미아,port,74,GATE 5,GATE,424902.3925789650 ,-696074.2926741340 ,2813.3809790000 ,4249.0239257897 ,-6960.7429267413 ,28.1338097900 ,164,37.629565261257200000 ,127.026640302268000000 ,44.266639002598800000 
미아,port,74,GATE 4,GATE,419413.6625536860 ,-699847.9475387420 ,2813.3809890000 ,4194.1366255369 ,-6998.4794753874 ,28.1338098900 ,-16,37.629905686632500000 ,127.026019078288000000 ,44.255135686136700000 
미아,port,74,GATE 3,GATE,419885.3470597100 ,-698202.9881976370 ,2813.3809890000 ,4198.8534705971 ,-6982.0298819764 ,28.1338098900 ,-16,37.629757386341700000 ,127.026072311733000000 ,44.237616273574500000 
미아,port,74,GATE 2,GATE,420350.9035985420 ,-696579.3995960650 ,2813.3809890000 ,4203.5090359854 ,-6965.7939959607 ,28.1338098900 ,-16,37.629611012688700000 ,127.026124853380000000 ,44.220369634218500000 
미아,port,74,GATE 1,GATE,420818.6221148390 ,-694948.2712649080 ,2813.3809890000 ,4208.1862211484 ,-6949.4827126491 ,28.1338098900 ,-16,37.629463959267800000 ,127.026177638815000000 ,44.203088088892400000 
미아,port,74,FATO 2,FATO,425586.8128211770 ,-693308.9420433940 ,2813.3809790000 ,4255.8681282118 ,-6933.0894204339 ,28.1338097900 ,74,37.629315957581100000 ,127.026717498367000000 ,44.236169141717200000 
미아,port,74,FATO 1,FATO,421607.9087576240 ,-692195.7016337860 ,2813.3809890000 ,4216.0790875762 ,-6921.9570163379 ,28.1338098900 ,74,37.629215802898700000 ,127.026266715081000000 ,44.174027753062500000 
미아,port,74,TAXI 5,TAXI,421384.9569418990 ,-700460.1026898210 ,2813.3809790000 ,4213.8495694190 ,-7004.6010268982 ,28.1338097900 ,74,37.629960771482200000 ,127.026242421567000000 ,44.286737902089900000 
미아,port,74,TAXI 4,TAXI,421864.5839788570 ,-698787.4448760870 ,2813.3809790000 ,4218.6458397886 ,-6987.8744487609 ,28.1338097900 ,74,37.629809973952300000 ,127.026296550979000000 ,44.268922545947100000 
미아,port,74,TAXI 3,TAXI,422333.6977314760 ,-697151.4507848880 ,2813.3809790000 ,4223.3369773148 ,-6971.5145078489 ,28.1338097900 ,74,37.629662481791300000 ,127.026349493678000000 ,44.251543761231000000 
미아,port,74,TAXI 2,TAXI,422803.3541894540 ,-695513.5641204830 ,2813.3809790000 ,4228.0335418945 ,-6955.1356412048 ,28.1338097900 ,74,37.629514818978000000 ,127.026402497416000000 ,44.234190512448500000 
미아,port,74,TAXI 1,TAXI,423595.1794401370 ,-692752.1413332770 ,2813.3809790000 ,4235.9517944014 ,-6927.5214133328 ,28.1338097900 ,74,37.629265864290800000 ,127.026491859491000000 ,44.205036906525400000 
봉천,port,8,GATE 8,GATE,-315360.3247257110 ,929358.4164460240 ,3163.7136640000 ,-3153.6032472571 ,9293.5841644603 ,31.6371366400 ,98,37.483055221549300000 ,126.942774911704000000 ,39.615512912161600000 
봉천,port,8,GATE 7,GATE,-313620.1980960900 ,929602.9752859510 ,3163.7136640000 ,-3136.2019809609 ,9296.0297528595 ,31.6371366400 ,98,37.483033231373300000 ,126.942971611649000000 ,39.618646448478100000 
봉천,port,8,GATE 6,GATE,-311948.1355868610 ,929837.9683194070 ,3163.7136640000 ,-3119.4813558686 ,9298.3796831941 ,31.6371366400 ,98,37.483012101024400000 ,126.943160617673000000 ,39.621702948585100000 
봉천,port,8,GATE 5,GATE,-310225.3412737400 ,930080.0912186930 ,3163.7136640000 ,-3102.2534127374 ,9300.8009121869 ,31.6371366400 ,98,37.482990329248400000 ,126.943355358189000000 ,39.624898861162300000 
봉천,port,8,GATE 4,GATE,-315905.2141592440 ,933559.4118897550 ,3163.7136740000 ,-3159.0521415924 ,9335.5941188976 ,31.6371367400 ,-82,37.482676514112200000 ,126.942713253559000000 ,39.664471793919800000 
봉천,port,8,GATE 3,GATE,-314210.6176526010 ,933797.5718922330 ,3163.7136740000 ,-3142.1061765260 ,9337.9757189223 ,31.6371367400 ,-82,37.482655099408300000 ,126.942904805934000000 ,39.667523966170800000 
봉천,port,8,GATE 2,GATE,-312538.0367567880 ,934032.6378084480 ,3163.7136740000 ,-3125.3803675679 ,9340.3263780845 ,31.6371367400 ,-82,37.482633962611600000 ,126.943093869619000000 ,39.670581432990700000 
봉천,port,8,GATE 1,GATE,-310857.6886198040 ,934268.7953442690 ,3163.7136740000 ,-3108.5768861980 ,9342.6879534427 ,31.6371367400 ,-82,37.482612727353300000 ,126.943283811183000000 ,39.673698061145800000 
봉천,port,8,FATO 2,FATO,-307420.6889744680 ,930579.6116477750 ,3163.7136640000 ,-3074.2068897447 ,9305.7961164778 ,31.6371366400 ,8,37.482945388058300000 ,126.943672387357000000 ,39.631431280635300000 
봉천,port,8,FATO 1,FATO,-308022.0593369360 ,934667.3170485700 ,3163.7136740000 ,-3080.2205933694 ,9346.6731704857 ,31.6371367400 ,8,37.482576891635300000 ,126.943604342054000000 ,39.679059646092300000 
봉천,port,8,TAXI 5,TAXI,-315662.6480549090 ,931509.5589245350 ,3163.7136640000 ,-3156.6264805491 ,9315.0955892454 ,31.6371366400 ,8,37.482861301619800000 ,126.942740704315000000 ,39.640543847344800000 
봉천,port,8,TAXI 4,TAXI,-313939.5172160420 ,931751.7290477320 ,3163.7136640000 ,-3139.3951721604 ,9317.5172904773 ,31.6371366400 ,8,37.482839526289300000 ,126.942935482601000000 ,39.643646560609300000 
봉천,port,8,TAXI 3,TAXI,-312254.1564923360 ,931988.5910546560 ,3163.7136640000 ,-3122.5415649234 ,9319.8859105466 ,31.6371366400 ,8,37.482818227940500000 ,126.943125991340000000 ,39.646727111190500000 
봉천,port,8,TAXI 2,TAXI,-310566.8460788190 ,932225.7270544360 ,3163.7136640000 ,-3105.6684607882 ,9322.2572705444 ,31.6371366400 ,8,37.482796904646900000 ,126.943316720359000000 ,39.649856639094600000 
봉천,port,8,TAXI 1,TAXI,-307722.0964905700 ,932625.5305280090 ,3163.7136640000 ,-3077.2209649057 ,9326.2553052801 ,31.6371366400 ,8,37.482760953580000000 ,126.943638282936000000 ,39.655235812999300000 
사당·이수,port,10,GATE 8,GATE,38090.0905366580 ,1007885.4514667900 ,2453.8920860000 ,380.9009053666 ,10078.8545146679 ,24.5389208600 ,100,37.475974377135300000 ,126.982718525765000000 ,38.305617309175400000 
사당·이수,port,10,GATE 7,GATE,39820.6221477249 ,1008190.5908716600 ,2453.8920860000 ,398.2062214772 ,10081.9059087166 ,24.5389208600 ,100,37.475946859593100000 ,126.982914107049000000 ,38.319402890279800000 
사당·이수,port,10,GATE 6,GATE,41483.4649430551 ,1008483.7948937300 ,2453.8920860000 ,414.8346494306 ,10084.8379489373 ,24.5389208600 ,100,37.475920418081400000 ,126.983102038140000000 ,38.332694789394700000 
사당·이수,port,10,GATE 5,GATE,43196.7598091036 ,1008785.8949527400 ,2453.8920860000 ,431.9675980910 ,10087.8589495274 ,24.5389208600 ,100,37.475893174001100000 ,126.983295671082000000 ,38.346436653286200000 
사당·이수,port,10,GATE 4,GATE,37398.9204084090 ,1012064.8714106200 ,2453.8920960000 ,373.9892040841 ,10120.6487141062 ,24.5389209600 ,-80,37.475597635915200000 ,126.982640139000000000 ,38.355639575980600000 
사당·이수,port,10,GATE 3,GATE,39084.1729484264 ,1012362.0268976500 ,2453.8920960000 ,390.8417294843 ,10123.6202689765 ,24.5389209600 ,-80,37.475570838494300000 ,126.982830602005000000 ,38.369065107777700000 
사당·이수,port,10,GATE 2,GATE,40747.5312709812 ,1012655.3218495200 ,2453.8920960000 ,407.4753127098 ,10126.5532184952 ,24.5389209600 ,-80,37.475544388914600000 ,126.983018590446000000 ,38.382361168041800000 
사당·이수,port,10,GATE 1,GATE,42418.6140061390 ,1012949.9788288200 ,2453.8920960000 ,424.1861400614 ,10129.4997882882 ,24.5389209600 ,-80,37.475517816204900000 ,126.983207451746000000 ,38.395763937383800000 
사당·이수,port,10,FATO 2,FATO,45982.2705784063 ,1009382.9920411400 ,2453.8920860000 ,459.8227057841 ,10093.8299204114 ,24.5389208600 ,10,37.475839329889800000 ,126.983610476459000000 ,38.370245874859300000 
사당·이수,port,10,FATO 1,FATO,45238.6076933586 ,1013447.2197992700 ,2453.8920960000 ,452.3860769336 ,10134.4721979927 ,24.5389209600 ,10,37.475472973412900000 ,126.983526159584000000 ,38.418483643792500000 
사당·이수,port,10,TAXI 5,TAXI,37712.8775848274 ,1010024.7325954000 ,2453.8920860000 ,377.1287758483 ,10100.2473259540 ,24.5389208600 ,10,37.475781538241900000 ,126.982675754279000000 ,38.331053436733700000 
사당·이수,port,10,TAXI 4,TAXI,39426.5071235296 ,1010326.8915941300 ,2453.8920860000 ,394.2650712353 ,10103.2689159413 ,24.5389208600 ,10,37.475754289544600000 ,126.982869424842000000 ,38.344704169780000000 
사당·이수,port,10,TAXI 3,TAXI,41102.5748061898 ,1010622.4275521400 ,2453.8920860000 ,411.0257480619 ,10106.2242755214 ,24.5389208600 ,10,37.475727637806100000 ,126.983058850112000000 ,38.358101532794500000 
사당·이수,port,10,TAXI 2,TAXI,42780.5814287504 ,1010918.3053792900 ,2453.8920860000 ,427.8058142875 ,10109.1830537929 ,24.5389208600 ,10,37.475700954933200000 ,126.983248494381000000 ,38.371559810824600000 
사당·이수,port,10,TAXI 1,TAXI,45609.6451324046 ,1011417.1456322600 ,2453.8920860000 ,456.0964513240 ,10114.1714563226 ,24.5389208600 ,10,37.475655967800900000 ,126.983568228042000000 ,38.394352919422000000 
성수,port,295,GATE 8,GATE,558742.8807887620 ,304182.9099620950 ,1569.2640930000 ,5587.4288078876 ,3041.8290996210 ,15.6926409300 ,385,37.539381643541000000 ,127.041655225752000000 ,34.107363249175200000 
성수,port,295,GATE 7,GATE,559485.5173596320 ,302590.3206751450 ,1569.2640930000 ,5594.8551735963 ,3025.9032067515 ,15.6926409300 ,385,37.539525156179200000 ,127.041739450541000000 ,34.114803052507300000 
성수,port,295,GATE 6,GATE,560199.1060813710 ,301060.0246590910 ,1569.2640930000 ,5601.9910608137 ,3010.6002465909 ,15.6926409300 ,385,37.539663055337800000 ,127.041820381224000000 ,34.121997608803200000 
성수,port,295,GATE 5,GATE,560934.3456716990 ,299483.2981487240 ,1569.2640930000 ,5609.3434567170 ,2994.8329814872 ,15.6926409300 ,385,37.539805138413400000 ,127.041903767722000000 ,34.129457364790100000 
성수,port,295,GATE 4,GATE,562601.0024588130 ,305932.2425182730 ,1569.2641030000 ,5626.0100245881 ,3059.3224251827 ,15.6926410300 ,205,37.539223711139500000 ,127.042091439210000000 ,34.164025573991200000 
성수,port,295,GATE 3,GATE,563324.2080713280 ,304381.3230654530 ,1569.2641030000 ,5633.2420807133 ,3043.8132306545 ,15.6926410300 ,205,37.539363468493900000 ,127.042173460907000000 ,34.171271100640300000 
성수,port,295,GATE 2,GATE,564038.0180527640 ,302850.5526227000 ,1569.2641030000 ,5640.3801805276 ,3028.5055262270 ,15.6926410300 ,205,37.539501410109500000 ,127.042254417308000000 ,34.178467665798900000 
성수,port,295,GATE 1,GATE,564755.1428767640 ,301312.6734889600 ,1569.2641030000 ,5647.5514287676 ,3013.1267348896 ,15.6926410300 ,205,37.539639992248000000 ,127.042335749960000000 ,34.185742842033500000 
성수,port,295,FATO 2,FATO,562232.0404076240 ,296947.2414555030 ,1569.2640930000 ,5622.3204040762 ,2969.4724145550 ,15.6926409300 ,295,37.540033661893600000 ,127.042050912021000000 ,34.143154620192900000 
성수,port,295,FATO 1,FATO,565965.3088453360 ,298717.4641896610 ,1569.2641030000 ,5659.6530884534 ,2987.1746418966 ,15.6926410300 ,295,37.539873852919200000 ,127.042473001515000000 ,34.198122587986200000 
성수,port,295,TAXI 5,TAXI,560711.6377845810 ,305100.9563931900 ,1569.2640930000 ,5607.1163778458 ,3051.0095639319 ,15.6926409300 ,295,37.539298764652600000 ,127.041877817489000000 ,34.136288201436400000 
성수,port,295,TAXI 4,TAXI,561447.0209259660 ,303523.9218685870 ,1569.2640930000 ,5614.4702092597 ,3035.2392186859 ,15.6926409300 ,295,37.539440875452600000 ,127.041961219971000000 ,34.143654993735200000 
성수,port,295,TAXI 3,TAXI,562166.2849775570 ,301981.4551417420 ,1569.2640930000 ,5621.6628497756 ,3019.8145514174 ,15.6926409300 ,295,37.539579871195300000 ,127.042042794634000000 ,34.150906387716500000 
성수,port,295,TAXI 2,TAXI,562886.3810839530 ,300437.2040250160 ,1569.2640930000 ,5628.8638108395 ,3004.3720402502 ,15.6926409300 ,295,37.539719027673900000 ,127.042124463968000000 ,34.158211810514300000 
성수,port,295,TAXI 1,TAXI,564100.4393338070 ,297833.6476873730 ,1569.2640930000 ,5641.0043933381 ,2978.3364768737 ,15.6926409300 ,295,37.539953640761100000 ,127.042262156453000000 ,34.170631919056100000 
연신내·불광,port,43,GATE 8,GATE,-487574.8958385690 ,-491509.5751157310 ,1783.9065280000 ,-4875.7489583857 ,-4915.0957511573 ,17.8390652800 ,133,37.611115308445300000 ,126.923285626821000000 ,32.745597687549800000 
연신내·불광,port,43,GATE 7,GATE,-486289.7407404770 ,-490311.1486110390 ,1783.9065280000 ,-4862.8974074048 ,-4903.1114861104 ,17.8390652800 ,133,37.611007345703100000 ,126.923431159089000000 ,32.729515288956400000 
연신내·불광,port,43,GATE 6,GATE,-485054.8537845600 ,-489159.5979318900 ,1783.9065280000 ,-4850.5485378456 ,-4891.5959793189 ,17.8390652800 ,133,37.610903605695600000 ,126.923570998546000000 ,32.714107574895000000 
연신내·불광,port,43,GATE 5,GATE,-483782.4992908080 ,-487973.1082412850 ,1783.9065280000 ,-4837.8249929081 ,-4879.7310824129 ,17.8390652800 ,133,37.610796717953600000 ,126.923715080447000000 ,32.698279152624300000 
연신내·불광,port,43,GATE 4,GATE,-490430.8351277010 ,-488380.8568494430 ,1783.9065380000 ,-4904.3083512770 ,-4883.8085684944 ,17.8390653800 ,-47,37.610833137842200000 ,126.922962265486000000 ,32.719435607083100000 
연신내·불광,port,43,GATE 3,GATE,-489179.3059005420 ,-487213.7869712110 ,1783.9065380000 ,-4891.7930590054 ,-4872.1378697121 ,17.8390653800 ,-47,37.610728000311400000 ,126.923103989851000000 ,32.703774906694800000 
연신내·불광,port,43,GATE 2,GATE,-487944.0361110280 ,-486061.8792556720 ,1783.9065380000 ,-4879.4403611103 ,-4860.6187925567 ,17.8390653800 ,-47,37.610624228521100000 ,126.923243872591000000 ,32.688362707383900000 
연신내·불광,port,43,GATE 1,GATE,-486703.0298973140 ,-484904.6222311890 ,1783.9065380000 ,-4867.0302989731 ,-4849.0462223119 ,17.8390653800 ,-47,37.610519974659000000 ,126.923384404537000000 ,32.672923995181900000 
연신내·불광,port,43,FATO 2,FATO,-481771.5757739370 ,-485955.2425896180 ,1783.9065280000 ,-4817.7157577394 ,-4859.5524258962 ,17.8390652800 ,43,37.610614925705300000 ,126.923942798397000000 ,32.671842489391500000 
연신내·불광,port,43,FATO 1,FATO,-484608.8010323690 ,-482951.7222235370 ,1783.9065380000 ,-4846.0880103237 ,-4829.5172222354 ,17.8390653800 ,43,37.610344043289200000 ,126.923621554804000000 ,32.646973199211000000 
연신내·불광,port,43,TAXI 5,TAXI,-489056.3892486260 ,-489920.8678946900 ,1783.9065280000 ,-4890.5638924863 ,-4899.2086789469 ,17.8390652800 ,43,37.610972025784800000 ,126.923117885378000000 ,32.732357867993400000 
연신내·불광,port,43,TAXI 4,TAXI,-487783.7861756440 ,-488734.1464972830 ,1783.9065280000 ,-4877.8378617564 ,-4887.3414649728 ,17.8390652800 ,43,37.610865117724000000 ,126.923261996207000000 ,32.716432474553500000 
연신내·불광,port,43,TAXI 3,TAXI,-486539.0779592940 ,-487573.4373022280 ,1783.9065280000 ,-4865.3907795929 ,-4875.7343730223 ,17.8390652800 ,43,37.610760552849400000 ,126.923402947797000000 ,32.700902097858400000 
연신내·불광,port,43,TAXI 2,TAXI,-485292.9298063960 ,-486411.3853692300 ,1783.9065280000 ,-4852.9292980640 ,-4864.1138536923 ,17.8390652800 ,43,37.610655866840600000 ,126.923544062052000000 ,32.685399272479100000 
연신내·불광,port,43,TAXI 1,TAXI,-483191.9652173050 ,-484452.2042054000 ,1783.9065280000 ,-4831.9196521731 ,-4844.5220420540 ,17.8390652800 ,43,37.610479369301100000 ,126.923781975126000000 ,32.659365126863100000 
천호·길동,port,110,GATE 8,GATE,1245720.4522302200 ,236266.0669731530 ,-76.0824690000 ,12457.2045223022 ,2362.6606697315 ,-0.7608246900 ,200,37.545419637684800000 ,127.119372315725000000 ,39.559328882023600000 
천호·길동,port,110,GATE 7,GATE,1245119.4449179000 ,237917.3210189760 ,-76.0824690000 ,12451.1944491790 ,2379.1732101898 ,-0.7608246900 ,200,37.545270873138600000 ,127.119303945362000000 ,39.545771355740700000 
천호·길동,port,110,GATE 6,GATE,1244541.9457025900 ,239503.9871517390 ,-76.0824690000 ,12445.4194570259 ,2395.0398715174 ,-0.7608246900 ,200,37.545127927396000000 ,127.119238249527000000 ,39.532789897173600000 
천호·길동,port,110,GATE 5,GATE,1243946.9246910000 ,241138.7940943000 ,-76.0824690000 ,12439.4692469100 ,2411.3879409430 ,-0.7608246900 ,200,37.544980644514600000 ,127.119170560689000000 ,39.519461493007800000 
천호·길동,port,110,GATE 4,GATE,1241724.5474996700 ,234859.6486152530 ,-76.0824590000 ,12417.2454749967 ,2348.5964861525 ,-0.7608245900 ,20,37.545546963247200000 ,127.118920564725000000 ,39.460201493464400000 
천호·길동,port,110,GATE 3,GATE,1241139.2654397100 ,236467.6978736380 ,-76.0824590000 ,12411.3926543971 ,2364.6769787364 ,-0.7608245900 ,20,37.545402090847500000 ,127.118853984016000000 ,39.446999128907900000 
천호·길동,port,110,GATE 2,GATE,1240561.5871556700 ,238054.8559118170 ,-76.0824590000 ,12405.6158715567 ,2380.5485591182 ,-0.7608245900 ,20,37.545259100539100000 ,127.118788268553000000 ,39.434013468213300000 
천호·길동,port,110,GATE 1,GATE,1239981.2262062900 ,239649.3844978330 ,-76.0824590000 ,12399.8122620629 ,2396.4938449783 ,-0.7608245900 ,20,37.545115446162000000 ,127.118722248168000000 ,39.421012703329300000 
천호·길동,port,110,FATO 2,FATO,1242875.1999800800 ,243778.3018747170 ,-76.0824690000 ,12428.7519998008 ,2437.7830187472 ,-0.7608246900 ,110,37.544742861350100000 ,127.119048712727000000 ,39.495317469350900000 
천호·길동,port,110,FATO 1,FATO,1239001.8526786500 ,242340.1911560720 ,-76.0824590000 ,12390.0185267865 ,2423.4019115607 ,-0.7608245900 ,110,37.544873025733800000 ,127.118610837701000000 ,39.399176329374300000 
천호·길동,port,110,TAXI 5,TAXI,1243679.1739305700 ,235523.1024641540 ,-76.0824690000 ,12436.7917393057 ,2355.2310246415 ,-0.7608246900 ,110,37.545486890247500000 ,127.119141547850000000 ,39.508637800812700000 
천호·길동,port,110,TAXI 4,TAXI,1243084.0367593900 ,237158.2287601630 ,-76.0824690000 ,12430.8403675939 ,2371.5822876016 ,-0.7608246900 ,110,37.545339578548700000 ,127.119073845663000000 ,39.495212373323700000 
천호·길동,port,110,TAXI 3,TAXI,1242501.9445579100 ,238757.5139280770 ,-76.0824690000 ,12425.0194455791 ,2387.5751392808 ,-0.7608246900 ,110,37.545195495805000000 ,127.119007627715000000 ,39.482127307914200000 
천호·길동,port,110,TAXI 2,TAXI,1241919.1789876700 ,240358.6492140840 ,-76.0824690000 ,12419.1917898767 ,2403.5864921408 ,-0.7608246900 ,110,37.545051246339100000 ,127.118941333422000000 ,39.469072760082700000 
천호·길동,port,110,TAXI 1,TAXI,1240936.6554823800 ,243058.1103823330 ,-76.0824690000 ,12409.3665548238 ,2430.5811038233 ,-0.7608246900 ,110,37.544808046414100000 ,127.118829564010000000 ,39.447166659869200000 
광화문,hub,130,GATE 8,GATE,-43379.3097667780 ,-20610.2807184338 ,3538.1193750000 ,-433.7930976678 ,-206.1028071843 ,35.3811937500 ,220,37.568695763261700000 ,126.973572196255000000 ,38.025123372673900000 
광화문,hub,130,GATE 7,GATE,-44508.8340486169 ,-19264.1660836284 ,3538.1193750000 ,-445.0883404862 ,-192.6416608363 ,35.3811937500 ,220,37.568574419610000000 ,126.973444298543000000 ,38.015696986578400000 
광화문,hub,130,GATE 6,GATE,-45594.1775778924 ,-17970.7039914110 ,3538.1193750000 ,-455.9417757789 ,-179.7070399141 ,35.3811937500 ,220,37.568457822116000000 ,126.973321403874000000 ,38.006685013882800000 
광화문,hub,130,GATE 5,GATE,-46712.4513365013 ,-16637.9971427430 ,3538.1193750000 ,-467.1245133650 ,-166.3799714274 ,35.3811937500 ,220,37.568337686816900000 ,126.973194780879000000 ,37.997446464374600000 
광화문,hub,130,GATE 4,GATE,-46653.2085470885 ,-23298.5615797464 ,3538.1193850000 ,-466.5320854709 ,-232.9856157975 ,35.3811938500 ,40,37.568938081628600000 ,126.973201831347000000 ,38.019719914533200000 
광화문,hub,130,GATE 3,GATE,-47753.1790177437 ,-21987.6678118168 ,3538.1193850000 ,-477.5317901774 ,-219.8766781182 ,35.3811938500 ,40,37.568819912529600000 ,126.973077280232000000 ,38.010540459305000000 
광화문,hub,130,GATE 2,GATE,-48838.8590581405 ,-20693.8047248220 ,3538.1193850000 ,-488.3885905814 ,-206.9380472482 ,35.3811938500 ,40,37.568703278511400000 ,126.972954347628000000 ,38.001525377854700000 
광화문,hub,130,GATE 1,GATE,-49929.5808551929 ,-19393.9331139982 ,3538.1193850000 ,-499.2958085519 ,-193.9393311400 ,35.3811938500 ,40,37.568586102729200000 ,126.972830844526000000 ,37.992513563483900000 
광화문,hub,130,FATO 2,FATO,-48622.3079682360 ,-14524.2225982136 ,3538.1193750000 ,-486.2230796824 ,-145.2422259821 ,35.3811937500 ,130,37.568147142421000000 ,126.972978535675000000 ,37.982300595380300000 
광화문,hub,130,FATO 1,FATO,-51770.2010110179 ,-17200.3674275811 ,3538.1193850000 ,-517.7020101102 ,-172.0036742758 ,35.3811938500 ,130,37.568388365382100000 ,126.972622430847000000 ,37.977408487349700000 
광화문,hub,130,TAXI 5,TAXI,-45043.3750940708 ,-22006.5972816578 ,3538.1193750000 ,-450.4337509407 ,-220.0659728166 ,35.3811937500 ,130,37.568821625772000000 ,126.973383948129000000 ,38.022441517561600000 
광화문,hub,130,TAXI 4,TAXI,-46161.8672323043 ,-20673.6300678314 ,3538.1193750000 ,-461.6186723230 ,-206.7363006783 ,35.3811937500 ,130,37.568701467077900000 ,126.973257299690000000 ,38.013106806203700000 
광화문,hub,130,TAXI 3,TAXI,-47255.8427210013 ,-19369.8808551896 ,3538.1193750000 ,-472.5584272100 ,-193.6988085519 ,35.3811937500 ,130,37.568583942070500000 ,126.973133427699000000 ,38.004022727720400000 
광화문,hub,130,TAXI 2,TAXI,-48351.0837470090 ,-18064.6234059080 ,3538.1193750000 ,-483.5108374701 ,-180.6462340591 ,35.3811937500 ,130,37.568466280971900000 ,126.973009412799000000 ,37.994973723776600000 
광화문,hub,130,TAXI 1,TAXI,-50197.6239303418 ,-15864.0024961060 ,3538.1193750000 ,-501.9762393034 ,-158.6400249611 ,35.3811937500 ,130,37.568267907948400000 ,126.972800328659000000 ,37.979820688255100000 
강남,hub,69,GATE 8,GATE,400872.1745795250 ,784359.0486176960 ,1647.2429560000 ,4008.7217457953 ,7843.5904861770 ,16.4724295600 ,159,37.496106682507800000 ,127.023742552037000000 ,35.158445332199300000 
강남,hub,69,GATE 7,GATE,401501.9087290580 ,785999.5621391930 ,1647.2429560000 ,4015.0190872906 ,7859.9956213919 ,16.4724295600 ,159,37.495958773215400000 ,127.023813564440000000 ,35.180970772169500000 
강남,hub,69,GATE 6,GATE,402107.0111810840 ,787575.9078446440 ,1647.2429560000 ,4021.0701118108 ,7875.7590784464 ,16.4724295600 ,159,37.495816649273800000 ,127.023881798969000000 ,35.202660880982800000 
강남,hub,69,GATE 5,GATE,402730.4729785260 ,789200.0812131030 ,1647.2429560000 ,4027.3047297853 ,7892.0008121310 ,16.4724295600 ,159,37.495670213127700000 ,127.023952103522000000 ,35.225055978633400000 
강남,hub,69,GATE 4,GATE,396933.7335354890 ,785919.1605866470 ,1647.2429660000 ,3969.3373353549 ,7859.1916058665 ,16.4724296600 ,-21,37.495966228972800000 ,127.023297098563000000 ,35.128434573300100000 
강남,hub,69,GATE 3,GATE,397546.9907927250 ,787516.7503473660 ,1647.2429660000 ,3975.4699079273 ,7875.1675034737 ,16.4724296600 ,-21,37.495822189959900000 ,127.023366253669000000 ,35.150371486321000000 
강남,hub,69,GATE 2,GATE,398152.2808188580 ,789093.5847782020 ,1647.2429660000 ,3981.5228081886 ,7890.9358477820 ,16.4724296600 ,-21,37.495680022209600000 ,127.023434510075000000 ,35.172068553045300000 
강남,hub,69,GATE 1,GATE,398760.3817262120 ,790677.7418189230 ,1647.2429660000 ,3987.6038172621 ,7906.7774181892 ,16.4724296600 ,-21,37.495537194208900000 ,127.023503083193000000 ,35.193911552429200000 
강남,hub,69,FATO 2,FATO,403653.3049832650 ,791895.2576952490 ,1647.2429560000 ,4036.5330498327 ,7918.9525769525 ,16.4724295600 ,69,37.495427219943300000 ,127.024056133071000000 ,35.261049157008500000 
강남,hub,69,FATO 1,FATO,399786.5671456940 ,793351.0462279830 ,1647.2429660000 ,3997.8656714569 ,7933.5104622798 ,16.4724296600 ,69,37.495296168309200000 ,127.023618801443000000 ,35.230874818749700000 
강남,hub,69,TAXI 5,TAXI,398844.1737165350 ,785137.5252441530 ,1647.2429560000 ,3988.4417371654 ,7851.3752524415 ,16.4724295600 ,69,37.496036600994500000 ,127.023513179596000000 ,35.142724003642800000 
강남,hub,69,TAXI 4,TAXI,399467.7573619330 ,786762.0158392690 ,1647.2429560000 ,3994.6775736193 ,7867.6201583927 ,16.4724295600 ,69,37.495890136469800000 ,127.023583498818000000 ,35.165029334835700000 
강남,hub,69,TAXI 3,TAXI,400077.6722752430 ,788350.8985214880 ,1647.2429560000 ,4000.7767227524 ,7883.5089852149 ,16.4724295600 ,69,37.495746882321500000 ,127.023652276401000000 ,35.186891800723900000 
강남,hub,69,TAXI 2,TAXI,400688.2927773780 ,789941.6192752120 ,1647.2429560000 ,4006.8829277738 ,7899.4161927521 ,16.4724295600 ,69,37.495603462409500000 ,127.023721133287000000 ,35.208825181238300000 
강남,hub,69,TAXI 1,TAXI,401717.7787479820 ,792623.5218971670 ,1647.2429560000 ,4017.1777874798 ,7926.2352189717 ,16.4724295600 ,69,37.495361661081000000 ,127.023837223122000000 ,35.245907500386200000 
가산·대림,hub,87,GATE 8,GATE,-878245.4360157640 ,864820.7478588310 ,1236.7296650000 ,-8782.4543601576 ,8648.2074785883 ,12.3672966500 ,177,37.488819780916400000 ,126.879127710551000000 ,32.325176525861000000 
가산·대림,hub,87,GATE 7,GATE,-878153.4698069620 ,866575.5674876640 ,1236.7296650000 ,-8781.5346980696 ,8665.7556748766 ,12.3672966500 ,177,37.488661604797700000 ,126.879138214755000000 ,32.343060988932800000 
가산·대림,hub,87,GATE 6,GATE,-878065.1007889310 ,868261.7482837820 ,1236.7296650000 ,-8780.6510078893 ,8682.6174828378 ,12.3672966500 ,177,37.488509615649300000 ,126.879148308053000000 ,32.360291693359600000 
가산·대림,hub,87,GATE 5,GATE,-877974.0505564780 ,869999.0892402000 ,1236.7296650000 ,-8779.7405055648 ,8699.9908924020 ,12.3672966500 ,177,37.488353015016800000 ,126.879158707551000000 ,32.378092132508700000 
가산·대림,hub,87,GATE 4,GATE,-882473.2171462730 ,865087.4572991000 ,1236.7296750000 ,-8824.7321714627 ,8650.8745729910 ,12.3672967500 ,-3,37.488795346276500000 ,126.878649782236000000 ,32.364770103245900000 
가산·대림,hub,87,GATE 3,GATE,-882383.6572217150 ,866796.3623658090 ,1236.7296750000 ,-8823.8365722172 ,8667.9636236581 ,12.3672967500 ,-3,37.488641308851300000 ,126.878660012579000000 ,32.382187305018300000 
가산·대림,hub,87,GATE 2,GATE,-882295.2608345570 ,868483.0659309740 ,1236.7296750000 ,-8822.9526083456 ,8684.8306593097 ,12.3672967500 ,-3,37.488489272622900000 ,126.878670109971000000 ,32.399423425085800000 
가산·대림,hub,87,GATE 1,GATE,-882206.4539513940 ,870177.6023220540 ,1236.7296750000 ,-8822.0645395139 ,8701.7760232205 ,12.3672967500 ,-3,37.488336530354500000 ,126.878680254212000000 ,32.416784799657700000 
가산·대림,hub,87,FATO 2,FATO,-877929.2405007480 ,872847.5251685280 ,1236.7296650000 ,-8779.2924050075 ,8728.4752516853 ,12.3672966500 ,87,37.488096252698100000 ,126.879163947723000000 ,32.408283933997100000 
가산·대림,hub,87,FATO 1,FATO,-882056.5901148060 ,873037.1746343310 ,1236.7296750000 ,-8820.5659011481 ,8730.3717463433 ,12.3672967500 ,87,37.488078773968100000 ,126.878697372779000000 ,32.446185320615700000 
가산·대림,hub,87,TAXI 5,TAXI,-880414.7419588630 ,864934.4363959350 ,1236.7296650000 ,-8804.1474195886 ,8649.3443639594 ,12.3672966500 ,87,37.488809331459100000 ,126.878882480512000000 ,32.345210872590500000 
가산·대림,hub,87,TAXI 4,TAXI,-880323.6738705450 ,866672.1167059220 ,1236.7296650000 ,-8803.2367387055 ,8666.7211670592 ,12.3672966500 ,87,37.488652700268000000 ,126.878892882646000000 ,32.362920467741700000 
가산·대림,hub,87,TAXI 3,TAXI,-880234.6020687300 ,868371.7080078110 ,1236.7296650000 ,-8802.3460206873 ,8683.7170800781 ,12.3672966500 ,87,37.488499502343400000 ,126.878903056714000000 ,32.380287979729400000 
가산·대림,hub,87,TAXI 2,TAXI,-880145.4272073960 ,870073.2654585190 ,1236.7296650000 ,-8801.4542720740 ,8700.7326545852 ,12.3672966500 ,87,37.488346127189800000 ,126.878913242513000000 ,32.397721250541500000 
가산·대림,hub,87,TAXI 1,TAXI,-879995.0813540610 ,872942.0350835860 ,1236.7296650000 ,-8799.9508135406 ,8729.4203508359 ,12.3672966500 ,87,37.488087541740900000 ,126.878930415337000000 ,32.427216634154300000 
마곡,hub,45,GATE 8,GATE,-1644627.3889664400 ,35123.8541645938 ,43.6631790000 ,-16446.2738896644 ,351.2385416459 ,0.4366317900 ,135,37.563496615722800000 ,126.792342788891000000 ,34.599408062174900000 
마곡,hub,45,GATE 7,GATE,-1643384.8412319600 ,36366.4018863476 ,43.6631790000 ,-16433.8484123196 ,363.6640188635 ,0.4366317900 ,135,37.563384828811000000 ,126.792483602722000000 ,34.570764349773500000 
마곡,hub,45,GATE 6,GATE,-1642190.8950749400 ,37560.3480051831 ,43.6631790000 ,-16421.9089507494 ,375.6034800518 ,0.4366317900 ,135,37.563277414224500000 ,126.792618908302000000 ,34.543286658823400000 
마곡,hub,45,GATE 5,GATE,-1640960.7235582100 ,38790.5194497850 ,43.6631790000 ,-16409.6072355821 ,387.9051944979 ,0.4366317900 ,135,37.563166740424200000 ,126.792758318764000000 ,34.515022055245900000 
마곡,hub,45,GATE 4,GATE,-1647590.7791873400 ,38150.9956564462 ,43.6631890000 ,-16475.9077918734 ,381.5099565645 ,0.4366318900 ,-45,37.563223222063000000 ,126.792007952195000000 ,34.653422349132600000 
마곡,hub,45,GATE 3,GATE,-1646380.7425093400 ,39361.0323273775 ,43.6631890000 ,-16463.8074250934 ,393.6103232738 ,0.4366318900 ,-45,37.563114360422600000 ,126.792145081644000000 ,34.625529005192200000 
마곡,hub,45,GATE 2,GATE,-1645186.4262123200 ,40555.3486258056 ,43.6631890000 ,-16451.8642621232 ,405.5534862581 ,0.4366318900 ,-45,37.563006912915400000 ,126.792280429164000000 ,34.598043092526400000 
마곡,hub,45,GATE 1,GATE,-1643986.5636737700 ,41755.2111728402 ,43.6631890000 ,-16439.8656367377 ,417.5521117284 ,0.4366318900 ,-45,37.562898966276800000 ,126.792416404829000000 ,34.570474607869900000 
마곡,hub,45,FATO 2,FATO,-1639021.4475372700 ,40877.3360908640 ,43.6631790000 ,-16390.2144753727 ,408.7733609086 ,0.4366317900 ,45,37.562978971296700000 ,126.792978112758000000 ,34.470217509195200000 
마곡,hub,45,FATO 1,FATO,-1641961.7657838500 ,43780.0090599394 ,43.6631890000 ,-16419.6176578385 ,437.8000905994 ,0.4366318900 ,45,37.562716803278100000 ,126.792645866261000000 ,34.524054538458500000 
마곡,hub,45,TAXI 5,TAXI,-1646163.4249731600 ,36659.8902137425 ,43.6631790000 ,-16461.6342497316 ,366.5989021374 ,0.4366317900 ,45,37.563357884381800000 ,126.792169224711000000 ,34.627449644729400000 
마곡,hub,45,TAXI 4,TAXI,-1644933.0131150800 ,37890.3018992873 ,43.6631790000 ,-16449.3301311508 ,378.9030189929 ,0.4366317900 ,45,37.563247189502400000 ,126.792308663222000000 ,34.599085626192300000 
마곡,hub,45,TAXI 3,TAXI,-1643729.5713080700 ,39093.7437119541 ,43.6631790000 ,-16437.2957130807 ,390.9374371195 ,0.4366317900 ,45,37.563138920824800000 ,126.792445044908000000 ,34.571389283053500000 
마곡,hub,45,TAXI 2,TAXI,-1642524.7373025600 ,40298.5776976646 ,43.6631790000 ,-16425.2473730256 ,402.9857769766 ,0.4366317900 ,45,37.563030526738500000 ,126.792581583973000000 ,34.543706421740300000 
마곡,hub,45,TAXI 1,TAXI,-1640493.4270009000 ,42329.8879880139 ,43.6631790000 ,-16404.9342700090 ,423.2988798801 ,0.4366317900 ,45,37.562847777526300000 ,126.792811783429000000 ,34.497137164697000000 
망우,hub,344,GATE 8,GATE,943278.9357607320 ,-338536.7759039490 ,673.2456590000 ,9432.7893576073 ,-3385.3677590395 ,6.7324565900 ,434,37.597276855418600000 ,127.085269078302000000 ,38.511238097213200000 
망우,hub,344,GATE 7,GATE,944968.0915805310 ,-339021.1335504670 ,673.2456590000 ,9449.6809158053 ,-3390.2113355047 ,6.7324565900 ,434,37.597320338548700000 ,127.085460402037000000 ,38.548837882466600000 
망우,hub,344,GATE 6,GATE,946591.1769683060 ,-339486.5458241920 ,673.2456590000 ,9465.9117696831 ,-3394.8654582419 ,6.7324565900 ,434,37.597362120567900000 ,127.085644242453000000 ,38.585012537427200000 
망우,hub,344,GATE 5,GATE,948263.5081427780 ,-339966.0791249870 ,673.2456590000 ,9482.6350814278 ,-3399.6607912499 ,6.7324565900 ,434,37.597405169991000000 ,127.085833660956000000 ,38.622331470251000000 
망우,hub,344,GATE 4,GATE,944489.8532781690 ,-334477.3490997090 ,673.2456690000 ,9444.8985327817 ,-3344.7734909971 ,6.7324566900 ,254,37.596910806964000000 ,127.085405409071000000 ,38.501642361283300000 
망우,hub,344,GATE 3,GATE,946134.8126192740 ,-334949.0336057330 ,673.2456690000 ,9461.3481261927 ,-3349.4903360573 ,6.7324566900 ,254,37.596953152158400000 ,127.085591726014000000 ,38.538258733227800000 
망우,hub,344,GATE 2,GATE,947758.4012208460 ,-335414.5901445640 ,673.2456690000 ,9477.5840122085 ,-3354.1459014456 ,6.7324566900 ,254,37.596994946929100000 ,127.085775622597000000 ,38.574444375000800000 
망우,hub,344,GATE 1,GATE,949389.5295520030 ,-335882.3086608620 ,673.2456690000 ,9493.8952955200 ,-3358.8230866086 ,6.7324566900 ,254,37.597036935499300000 ,127.085960373376000000 ,38.610843051224900000 
망우,hub,344,FATO 2,FATO,951028.8587735170 ,-340650.4993672000 ,673.2456590000 ,9510.2885877352 ,-3406.5049936720 ,6.7324565900 ,344,37.597466572291500000 ,127.086146861620000000 ,38.683238751254900000 
망우,hub,344,FATO 1,FATO,952142.0991831260 ,-336671.5953036470 ,673.2456690000 ,9521.4209918313 ,-3366.7159530365 ,6.7324566900 ,344,37.597107791599600000 ,127.086272145377000000 ,38.672368993051300000 
망우,hub,344,TAXI 5,TAXI,943877.6981270900 ,-336448.6434879220 ,673.2456590000 ,9438.7769812709 ,-3364.4864348792 ,6.7324565900 ,344,37.597088565961300000 ,127.085336474812000000 ,38.505787583068000000 
망우,hub,344,TAXI 4,TAXI,945550.3559408240 ,-336928.2705248800 ,673.2456590000 ,9455.5035594083 ,-3369.2827052488 ,6.7324565900 ,344,37.597131624297500000 ,127.085525929446000000 ,38.543019787408400000 
망우,hub,344,TAXI 3,TAXI,947186.3500320230 ,-337397.3842774990 ,673.2456590000 ,9471.8635003202 ,-3373.9738427750 ,6.7324565900 ,344,37.597173738512600000 ,127.085711231549000000 ,38.579481758177200000 
망우,hub,344,TAXI 2,TAXI,948824.2366964280 ,-337867.0407354770 ,673.2456590000 ,9488.2423669643 ,-3378.6704073548 ,6.7324565900 ,344,37.597215901156300000 ,127.085896748223000000 ,38.616031357087100000 
망우,hub,344,TAXI 1,TAXI,951585.6594836340 ,-338658.8659861600 ,673.2456590000 ,9515.8565948363 ,-3386.5886598616 ,6.7324565900 ,344,37.597286985316600000 ,127.086209523674000000 ,38.677755733951900000 
수서·문정,hub,222,GATE 8,GATE,1077251.3244249200 ,877829.5122941350 ,1392.1580180000 ,10772.5132442492 ,8778.2951229414 ,13.9215801800 ,312,37.487622939213900000 ,127.100192454992000000 ,46.178642065264200000 
수서·문정,hub,222,GATE 7,GATE,1075945.4496357300 ,876653.6973647110 ,1392.1580180000 ,10759.4544963573 ,8766.5369736471 ,13.9215801800 ,312,37.487729085429200000 ,127.100045071158000000 ,46.137282017618400000 
수서·문정,hub,222,GATE 6,GATE,1074690.6534285900 ,875523.8738213670 ,1392.1580180000 ,10746.9065342859 ,8755.2387382137 ,13.9215801800 ,312,37.487831079617100000 ,127.099903451769000000 ,46.097585374489400000 
수서·문정,hub,222,GATE 5,GATE,1073397.7856202800 ,874359.7704866460 ,1392.1580180000 ,10733.9778562028 ,8743.5977048665 ,13.9215801800 ,312,37.487936168215900000 ,127.099757535121000000 ,46.056731072254400000 
수서·문정,hub,222,GATE 4,GATE,1080052.2250778600 ,874651.4275335580 ,1392.1580280000 ,10800.5222507786 ,8746.5142753356 ,13.9215802800 ,132,37.487909086789900000 ,127.100509738228000000 ,46.205864462070100000 
수서·문정,hub,222,GATE 3,GATE,1078780.5182868000 ,873506.3776024630 ,1392.1580280000 ,10787.8051828680 ,8735.0637760246 ,13.9215802800 ,132,37.488012456091500000 ,127.100366210566000000 ,46.165587497875000000 
수서·문정,hub,222,GATE 2,GATE,1077525.3330732300 ,872376.2037584740 ,1392.1580280000 ,10775.2533307323 ,8723.7620375847 ,13.9215802800 ,132,37.488114482284000000 ,127.100224547177000000 ,46.125878836959600000 
수서·문정,hub,222,GATE 1,GATE,1076264.3189508300 ,871240.7815346750 ,1392.1580280000 ,10762.6431895083 ,8712.4078153468 ,13.9215802800 ,132,37.488216982101300000 ,127.100082225532000000 ,46.086030829697800000 
수서·문정,hub,222,FATO 2,FATO,1071351.9517653100 ,872377.3076202220 ,1392.1580180000 ,10713.5195176531 ,8723.7730762022 ,13.9215801800 ,222,37.488115114787900000 ,127.099526664421000000 ,45.990672952495500000 
수서·문정,hub,222,FATO 1,FATO,1074136.3262424200 ,869324.7282964770 ,1392.1580280000 ,10741.3632624242 ,8693.2472829648 ,13.9215802800 ,222,37.488389952702000000 ,127.099842053330000000 ,46.018888734281000000 
수서·문정,hub,222,TAXI 5,TAXI,1078704.8654322200 ,876215.1914157720 ,1392.1580180000 ,10787.0486543222 ,8762.1519141577 ,13.9215801800 ,222,37.487768285461600000 ,127.100357103204000000 ,46.193111479282300000 
수서·문정,hub,222,TAXI 4,TAXI,1077411.7450387000 ,875050.8607478450 ,1392.1580180000 ,10774.1174503870 ,8750.5086074785 ,13.9215801800 ,222,37.487873395142200000 ,127.100211158810000000 ,46.152155323885300000 
수서·문정,hub,222,TAXI 3,TAXI,1076146.9692288100 ,873912.0514881100 ,1392.1580180000 ,10761.4696922881 ,8739.1205148811 ,13.9215801800 ,222,37.487976200708700000 ,127.100068413051000000 ,46.112142843194300000 
수서·문정,hub,222,TAXI 2,TAXI,1074880.7302676800 ,872771.9248252960 ,1392.1580180000 ,10748.8073026768 ,8727.7192482530 ,13.9215801800 ,222,37.488079125030000000 ,127.099925501764000000 ,46.072129585780200000 
수서·문정,hub,222,TAXI 1,TAXI,1072745.8932397100 ,870849.7089421660 ,1392.1580180000 ,10727.4589323971 ,8708.4970894217 ,13.9215801800 ,222,37.488252651642500000 ,127.099684557165000000 ,46.004771656356700000 
